[{"date":"Sun, 05 Feb 2017 17:36:57 GMT","sloc":177,"lloc":38,"functions":8,"deliveredBugs":0.437,"difficulty":16.912,"maintainability":80.423,"lintErrors":[]},{"date":"Thu, 02 Mar 2017 17:35:32 GMT","sloc":264,"lloc":56,"functions":12,"deliveredBugs":0.664,"difficulty":20.923,"maintainability":79.686,"lintErrors":[]},{"date":"Mon, 27 Mar 2017 03:48:27 GMT","sloc":239,"lloc":48,"functions":9,"deliveredBugs":0.54,"difficulty":17.524,"maintainability":79.494,"lintErrors":[]},{"date":"Sat, 29 Apr 2017 12:09:54 GMT","sloc":239,"lloc":48,"functions":9,"deliveredBugs":0.54,"difficulty":17.524,"maintainability":79.494,"lintErrors":[]},{"date":"Wed, 07 Jun 2017 01:50:10 GMT","sloc":239,"lloc":48,"functions":9,"deliveredBugs":0.54,"difficulty":17.524,"maintainability":79.494,"lintErrors":[]},{"date":"Wed, 01 Nov 2017 21:39:45 GMT","sloc":237,"lloc":48,"functions":9,"deliveredBugs":0.54,"difficulty":17.524,"maintainability":79.494,"lintErrors":[]}]