[{"date":"Thu, 19 Feb 2015 18:07:05 GMT","total":{"sloc":13446,"maintainability":2311.37305619915},"average":{"sloc":384,"maintainability":"66.04"}},{"date":"Sat, 03 Dec 2016 16:45:15 GMT","total":{"sloc":2453,"maintainability":2324.33},"average":{"sloc":84,"maintainability":"80.15"}},{"date":"Sun, 05 Feb 2017 17:36:57 GMT","total":{"sloc":3463,"maintainability":3322.0919999999996},"average":{"sloc":84,"maintainability":"81.03"}},{"date":"Thu, 02 Mar 2017 17:35:32 GMT","total":{"sloc":3782,"maintainability":3372.4250000000015},"average":{"sloc":92,"maintainability":"82.25"}},{"date":"Mon, 27 Mar 2017 03:36:11 GMT","total":{"sloc":4277,"maintainability":3948.1540000000014},"average":{"sloc":89,"maintainability":"82.25"}},{"date":"Sat, 29 Apr 2017 12:09:54 GMT","total":{"sloc":6301,"maintainability":5215.368000000001},"average":{"sloc":100,"maintainability":"82.78"}},{"date":"Wed, 07 Jun 2017 01:50:11 GMT","total":{"sloc":7408,"maintainability":6399.462000000001},"average":{"sloc":94,"maintainability":"82.04"}},{"date":"Wed, 01 Nov 2017 21:39:47 GMT","total":{"sloc":8652,"maintainability":7386.633000000002},"average":{"sloc":96,"maintainability":"82.07"}},{"date":"Thu, 21 Dec 2017 03:52:24 GMT","total":{"sloc":9430,"maintainability":7623.680000000001},"average":{"sloc":101,"maintainability":"81.98"}},{"date":"Wed, 28 Feb 2018 23:45:00 GMT","total":{"sloc":10075,"maintainability":8335.545000000002},"average":{"sloc":98,"maintainability":"81.72"}}]