[{"date":"Sun, 05 Feb 2017 17:36:57 GMT","sloc":50,"lloc":11,"functions":1,"deliveredBugs":0.066,"difficulty":3.833,"maintainability":73.236,"lintErrors":[]},{"date":"Thu, 02 Mar 2017 17:35:32 GMT","sloc":61,"lloc":17,"functions":3,"deliveredBugs":0.119,"difficulty":7.02,"maintainability":78.527,"lintErrors":[]},{"date":"Mon, 27 Mar 2017 03:48:27 GMT","sloc":61,"lloc":17,"functions":3,"deliveredBugs":0.119,"difficulty":7.02,"maintainability":78.527,"lintErrors":[]},{"date":"Sat, 29 Apr 2017 12:09:54 GMT","sloc":61,"lloc":17,"functions":3,"deliveredBugs":0.119,"difficulty":7.02,"maintainability":78.527,"lintErrors":[]},{"date":"Wed, 07 Jun 2017 01:50:10 GMT","sloc":61,"lloc":17,"functions":3,"deliveredBugs":0.119,"difficulty":7.02,"maintainability":78.527,"lintErrors":[]},{"date":"Wed, 01 Nov 2017 21:39:45 GMT","sloc":61,"lloc":17,"functions":3,"deliveredBugs":0.119,"difficulty":7.02,"maintainability":78.527,"lintErrors":[]},{"date":"Thu, 21 Dec 2017 03:52:22 GMT","sloc":61,"lloc":17,"functions":3,"deliveredBugs":0.119,"difficulty":7.02,"maintainability":78.527,"lintErrors":[]},{"date":"Wed, 28 Feb 2018 23:44:58 GMT","sloc":61,"lloc":17,"functions":3,"deliveredBugs":0.119,"difficulty":7.02,"maintainability":78.527,"lintErrors":[]},{"date":"Tue, 03 Apr 2018 22:51:05 GMT","sloc":61,"lloc":17,"functions":3,"deliveredBugs":0.119,"difficulty":7.02,"maintainability":78.527,"lintErrors":[]},{"date":"Wed, 09 May 2018 02:44:09 GMT","sloc":61,"lloc":17,"functions":3,"deliveredBugs":0.119,"difficulty":7.02,"maintainability":78.527,"lintErrors":[]}]