[{"date":"Wed, 01 Nov 2017 21:39:46 GMT","sloc":100,"lloc":26,"functions":6,"deliveredBugs":0.212,"difficulty":14.077,"maintainability":83.942,"lintErrors":[]},{"date":"Thu, 21 Dec 2017 03:52:23 GMT","sloc":100,"lloc":26,"functions":6,"deliveredBugs":0.212,"difficulty":14.077,"maintainability":83.942,"lintErrors":[]},{"date":"Wed, 28 Feb 2018 23:45:00 GMT","sloc":100,"lloc":26,"functions":6,"deliveredBugs":0.212,"difficulty":14.077,"maintainability":83.942,"lintErrors":[]},{"date":"Tue, 03 Apr 2018 22:51:06 GMT","sloc":100,"lloc":26,"functions":6,"deliveredBugs":0.212,"difficulty":14.077,"maintainability":83.942,"lintErrors":[]},{"date":"Wed, 09 May 2018 02:44:10 GMT","sloc":100,"lloc":26,"functions":6,"deliveredBugs":0.212,"difficulty":14.077,"maintainability":83.942,"lintErrors":[]},{"date":"Thu, 02 Aug 2018 02:59:39 GMT","sloc":100,"lloc":26,"functions":6,"deliveredBugs":0.212,"difficulty":14.077,"maintainability":83.942,"lintErrors":[]},{"date":"Mon, 03 Dec 2018 03:19:34 GMT","sloc":100,"lloc":26,"functions":6,"deliveredBugs":0.212,"difficulty":14.077,"maintainability":83.942,"lintErrors":[]}]