[{"date":"Sat, 03 Dec 2016 16:45:15 GMT","sloc":14,"lloc":5,"functions":0,"deliveredBugs":0.019,"difficulty":2,"maintainability":75.333,"lintErrors":[]},{"date":"Sun, 05 Feb 2017 17:36:57 GMT","sloc":14,"lloc":5,"functions":0,"deliveredBugs":0.019,"difficulty":2,"maintainability":75.333,"lintErrors":[]},{"date":"Thu, 02 Mar 2017 17:35:31 GMT","sloc":11,"lloc":2,"functions":0,"deliveredBugs":0.008,"difficulty":1.5,"maintainability":86.266,"lintErrors":[]},{"date":"Mon, 27 Mar 2017 03:48:26 GMT","sloc":11,"lloc":2,"functions":0,"deliveredBugs":0.008,"difficulty":1.5,"maintainability":86.266,"lintErrors":[]},{"date":"Sat, 29 Apr 2017 12:09:53 GMT","sloc":11,"lloc":2,"functions":0,"deliveredBugs":0.008,"difficulty":1.5,"maintainability":86.266,"lintErrors":[]},{"date":"Wed, 07 Jun 2017 01:50:10 GMT","sloc":11,"lloc":2,"functions":0,"deliveredBugs":0.008,"difficulty":1.5,"maintainability":86.266,"lintErrors":[]},{"date":"Wed, 01 Nov 2017 21:39:44 GMT","sloc":11,"lloc":2,"functions":0,"deliveredBugs":0.008,"difficulty":1.5,"maintainability":86.266,"lintErrors":[]},{"date":"Thu, 21 Dec 2017 03:52:21 GMT","sloc":11,"lloc":2,"functions":0,"deliveredBugs":0.008,"difficulty":1.5,"maintainability":86.266,"lintErrors":[]},{"date":"Wed, 28 Feb 2018 23:44:57 GMT","sloc":11,"lloc":2,"functions":0,"deliveredBugs":0.008,"difficulty":1.5,"maintainability":86.266,"lintErrors":[]},{"date":"Tue, 03 Apr 2018 22:51:05 GMT","sloc":11,"lloc":2,"functions":0,"deliveredBugs":0.008,"difficulty":1.5,"maintainability":86.266,"lintErrors":[]},{"date":"Wed, 09 May 2018 02:44:08 GMT","sloc":11,"lloc":2,"functions":0,"deliveredBugs":0.008,"difficulty":1.5,"maintainability":86.266,"lintErrors":[]},{"date":"Thu, 02 Aug 2018 02:59:37 GMT","sloc":11,"lloc":2,"functions":0,"deliveredBugs":0.008,"difficulty":1.5,"maintainability":86.266,"lintErrors":[]},{"date":"Mon, 03 Dec 2018 03:19:32 GMT","sloc":11,"lloc":2,"functions":0,"deliveredBugs":0.008,"difficulty":1.5,"maintainability":86.266,"lintErrors":[]}]