[{"date":"Sat, 29 Apr 2017 12:09:54 GMT","sloc":43,"lloc":18,"functions":5,"deliveredBugs":0.116,"difficulty":12,"maintainability":78.169,"lintErrors":[]},{"date":"Wed, 07 Jun 2017 01:50:11 GMT","sloc":43,"lloc":18,"functions":5,"deliveredBugs":0.116,"difficulty":12,"maintainability":78.169,"lintErrors":[]},{"date":"Wed, 01 Nov 2017 21:39:46 GMT","sloc":43,"lloc":18,"functions":5,"deliveredBugs":0.116,"difficulty":12,"maintainability":78.169,"lintErrors":[]},{"date":"Thu, 21 Dec 2017 03:52:23 GMT","sloc":43,"lloc":18,"functions":5,"deliveredBugs":0.116,"difficulty":12,"maintainability":78.169,"lintErrors":[]},{"date":"Wed, 28 Feb 2018 23:44:59 GMT","sloc":43,"lloc":18,"functions":5,"deliveredBugs":0.116,"difficulty":12,"maintainability":78.169,"lintErrors":[]}]