[{"date":"Sat, 03 Dec 2016 16:45:15 GMT","sloc":118,"lloc":48,"functions":10,"deliveredBugs":0.42,"difficulty":17.908,"maintainability":81.359,"lintErrors":[]},{"date":"Sun, 05 Feb 2017 17:36:57 GMT","sloc":118,"lloc":48,"functions":10,"deliveredBugs":0.42,"difficulty":17.908,"maintainability":81.359,"lintErrors":[]},{"date":"Thu, 02 Mar 2017 17:35:32 GMT","sloc":118,"lloc":48,"functions":10,"deliveredBugs":0.42,"difficulty":17.908,"maintainability":81.359,"lintErrors":[]},{"date":"Mon, 27 Mar 2017 03:48:26 GMT","sloc":118,"lloc":48,"functions":10,"deliveredBugs":0.42,"difficulty":17.908,"maintainability":81.359,"lintErrors":[]},{"date":"Sat, 29 Apr 2017 12:09:53 GMT","sloc":118,"lloc":48,"functions":10,"deliveredBugs":0.42,"difficulty":17.908,"maintainability":81.359,"lintErrors":[]},{"date":"Wed, 07 Jun 2017 01:50:10 GMT","sloc":117,"lloc":48,"functions":10,"deliveredBugs":0.42,"difficulty":17.908,"maintainability":81.359,"lintErrors":[]},{"date":"Wed, 01 Nov 2017 21:39:45 GMT","sloc":117,"lloc":48,"functions":10,"deliveredBugs":0.42,"difficulty":17.908,"maintainability":81.359,"lintErrors":[]},{"date":"Thu, 21 Dec 2017 03:52:22 GMT","sloc":117,"lloc":48,"functions":10,"deliveredBugs":0.42,"difficulty":17.908,"maintainability":81.359,"lintErrors":[]},{"date":"Wed, 28 Feb 2018 23:44:58 GMT","sloc":117,"lloc":48,"functions":10,"deliveredBugs":0.42,"difficulty":17.908,"maintainability":81.359,"lintErrors":[]}]