[{"date":"Wed, 07 Jun 2017 01:50:10 GMT","sloc":12,"lloc":2,"functions":0,"deliveredBugs":0.007,"difficulty":1,"maintainability":87.21,"lintErrors":[]},{"date":"Wed, 01 Nov 2017 21:39:44 GMT","sloc":12,"lloc":2,"functions":0,"deliveredBugs":0.007,"difficulty":1,"maintainability":87.21,"lintErrors":[]},{"date":"Thu, 21 Dec 2017 03:52:21 GMT","sloc":12,"lloc":2,"functions":0,"deliveredBugs":0.007,"difficulty":1,"maintainability":87.21,"lintErrors":[]},{"date":"Wed, 28 Feb 2018 23:44:57 GMT","sloc":12,"lloc":2,"functions":0,"deliveredBugs":0.007,"difficulty":1,"maintainability":87.21,"lintErrors":[]},{"date":"Tue, 03 Apr 2018 22:51:05 GMT","sloc":12,"lloc":2,"functions":0,"deliveredBugs":0.007,"difficulty":1,"maintainability":87.21,"lintErrors":[]}]