[{"date":"Sat, 29 Apr 2017 12:09:54 GMT","sloc":196,"lloc":65,"functions":15,"deliveredBugs":0.871,"difficulty":17.892,"maintainability":77.856,"lintErrors":[]},{"date":"Wed, 07 Jun 2017 01:50:11 GMT","sloc":195,"lloc":65,"functions":15,"deliveredBugs":0.882,"difficulty":18.043,"maintainability":77.906,"lintErrors":[]},{"date":"Wed, 01 Nov 2017 21:39:46 GMT","sloc":198,"lloc":66,"functions":15,"deliveredBugs":0.901,"difficulty":18,"maintainability":77.906,"lintErrors":[]},{"date":"Thu, 21 Dec 2017 03:52:23 GMT","sloc":198,"lloc":66,"functions":15,"deliveredBugs":0.901,"difficulty":18,"maintainability":77.906,"lintErrors":[]},{"date":"Wed, 28 Feb 2018 23:44:59 GMT","sloc":198,"lloc":66,"functions":15,"deliveredBugs":0.901,"difficulty":18,"maintainability":77.906,"lintErrors":[]},{"date":"Tue, 03 Apr 2018 22:51:06 GMT","sloc":198,"lloc":66,"functions":15,"deliveredBugs":0.901,"difficulty":18,"maintainability":77.906,"lintErrors":[]},{"date":"Wed, 09 May 2018 02:44:09 GMT","sloc":195,"lloc":65,"functions":15,"deliveredBugs":0.877,"difficulty":18.043,"maintainability":77.906,"lintErrors":[]},{"date":"Thu, 02 Aug 2018 02:59:38 GMT","sloc":191,"lloc":62,"functions":14,"deliveredBugs":0.829,"difficulty":16.371,"maintainability":77.894,"lintErrors":[]},{"date":"Mon, 03 Dec 2018 03:19:33 GMT","sloc":194,"lloc":63,"functions":14,"deliveredBugs":0.843,"difficulty":16.184,"maintainability":77.88,"lintErrors":[]},{"date":"Tue, 12 Mar 2019 02:28:47 GMT","sloc":194,"lloc":63,"functions":14,"deliveredBugs":0.843,"difficulty":16.184,"maintainability":77.88,"lintErrors":[]},{"date":"Wed, 30 Oct 2019 02:18:47 GMT","sloc":192,"lloc":63,"functions":14,"deliveredBugs":0.843,"difficulty":16.184,"maintainability":77.88,"lintErrors":[]}]