[{"date":"Wed, 01 Nov 2017 21:39:46 GMT","sloc":56,"lloc":21,"functions":4,"deliveredBugs":0.18,"difficulty":8.741,"maintainability":75.161,"lintErrors":[]},{"date":"Thu, 21 Dec 2017 03:52:23 GMT","sloc":56,"lloc":21,"functions":4,"deliveredBugs":0.18,"difficulty":8.741,"maintainability":75.161,"lintErrors":[]},{"date":"Wed, 28 Feb 2018 23:45:00 GMT","sloc":56,"lloc":21,"functions":4,"deliveredBugs":0.18,"difficulty":8.741,"maintainability":75.161,"lintErrors":[]},{"date":"Tue, 03 Apr 2018 22:51:06 GMT","sloc":56,"lloc":21,"functions":4,"deliveredBugs":0.18,"difficulty":8.741,"maintainability":75.161,"lintErrors":[]}]