[{"date":"Thu, 21 Dec 2017 03:52:24 GMT","sloc":132,"lloc":54,"functions":14,"deliveredBugs":0.521,"difficulty":21.904,"maintainability":77.286,"lintErrors":[]},{"date":"Wed, 28 Feb 2018 23:45:00 GMT","sloc":133,"lloc":55,"functions":14,"deliveredBugs":0.523,"difficulty":22.067,"maintainability":77.077,"lintErrors":[]},{"date":"Tue, 03 Apr 2018 22:51:06 GMT","sloc":144,"lloc":63,"functions":16,"deliveredBugs":0.6,"difficulty":24.632,"maintainability":76.931,"lintErrors":[]},{"date":"Wed, 09 May 2018 02:44:10 GMT","sloc":144,"lloc":63,"functions":16,"deliveredBugs":0.6,"difficulty":24.632,"maintainability":76.931,"lintErrors":[]},{"date":"Thu, 02 Aug 2018 02:59:39 GMT","sloc":161,"lloc":73,"functions":18,"deliveredBugs":0.748,"difficulty":29.4,"maintainability":76.91,"lintErrors":[]},{"date":"Mon, 03 Dec 2018 03:19:34 GMT","sloc":163,"lloc":72,"functions":18,"deliveredBugs":0.72,"difficulty":24.828,"maintainability":77.284,"lintErrors":[]},{"date":"Tue, 12 Mar 2019 02:28:48 GMT","sloc":163,"lloc":72,"functions":18,"deliveredBugs":0.72,"difficulty":24.828,"maintainability":77.284,"lintErrors":[]}]