[{"date":"Sat, 03 Dec 2016 16:45:14 GMT","sloc":41,"lloc":9,"functions":1,"deliveredBugs":0.069,"difficulty":11,"maintainability":70.709,"lintErrors":[]},{"date":"Sun, 05 Feb 2017 17:36:57 GMT","sloc":44,"lloc":10,"functions":2,"deliveredBugs":0.077,"difficulty":11.393,"maintainability":80.663,"lintErrors":[]},{"date":"Thu, 02 Mar 2017 17:35:31 GMT","sloc":44,"lloc":10,"functions":2,"deliveredBugs":0.077,"difficulty":11.393,"maintainability":80.663,"lintErrors":[]},{"date":"Mon, 27 Mar 2017 03:48:26 GMT","sloc":44,"lloc":10,"functions":2,"deliveredBugs":0.077,"difficulty":11.393,"maintainability":80.663,"lintErrors":[]},{"date":"Sat, 29 Apr 2017 12:09:53 GMT","sloc":44,"lloc":10,"functions":2,"deliveredBugs":0.077,"difficulty":11.393,"maintainability":80.663,"lintErrors":[]},{"date":"Wed, 07 Jun 2017 01:50:10 GMT","sloc":44,"lloc":10,"functions":2,"deliveredBugs":0.077,"difficulty":11.393,"maintainability":80.663,"lintErrors":[]},{"date":"Wed, 01 Nov 2017 21:39:44 GMT","sloc":44,"lloc":10,"functions":2,"deliveredBugs":0.077,"difficulty":11.393,"maintainability":80.663,"lintErrors":[]},{"date":"Thu, 21 Dec 2017 03:52:21 GMT","sloc":44,"lloc":10,"functions":2,"deliveredBugs":0.077,"difficulty":11.393,"maintainability":80.663,"lintErrors":[]},{"date":"Wed, 28 Feb 2018 23:44:57 GMT","sloc":44,"lloc":10,"functions":2,"deliveredBugs":0.077,"difficulty":11.393,"maintainability":80.663,"lintErrors":[]},{"date":"Tue, 03 Apr 2018 22:51:05 GMT","sloc":44,"lloc":10,"functions":2,"deliveredBugs":0.077,"difficulty":11.393,"maintainability":80.663,"lintErrors":[]},{"date":"Wed, 09 May 2018 02:44:08 GMT","sloc":44,"lloc":10,"functions":2,"deliveredBugs":0.077,"difficulty":11.393,"maintainability":80.663,"lintErrors":[]},{"date":"Thu, 02 Aug 2018 02:59:37 GMT","sloc":44,"lloc":10,"functions":2,"deliveredBugs":0.077,"difficulty":11.393,"maintainability":80.663,"lintErrors":[]},{"date":"Mon, 03 Dec 2018 03:19:32 GMT","sloc":44,"lloc":10,"functions":2,"deliveredBugs":0.077,"difficulty":11.393,"maintainability":80.663,"lintErrors":[]}]