[{"date":"Sat, 03 Dec 2016 16:45:15 GMT","sloc":72,"lloc":32,"functions":6,"deliveredBugs":0.21,"difficulty":18.087,"maintainability":74.947,"lintErrors":[]},{"date":"Sun, 05 Feb 2017 17:36:57 GMT","sloc":72,"lloc":32,"functions":6,"deliveredBugs":0.21,"difficulty":18.087,"maintainability":74.947,"lintErrors":[]},{"date":"Thu, 02 Mar 2017 17:35:31 GMT","sloc":88,"lloc":40,"functions":9,"deliveredBugs":0.304,"difficulty":15.053,"maintainability":77.236,"lintErrors":[]},{"date":"Mon, 27 Mar 2017 03:48:26 GMT","sloc":88,"lloc":40,"functions":9,"deliveredBugs":0.304,"difficulty":15.053,"maintainability":77.236,"lintErrors":[]},{"date":"Sat, 29 Apr 2017 12:09:53 GMT","sloc":88,"lloc":40,"functions":9,"deliveredBugs":0.304,"difficulty":15.053,"maintainability":77.236,"lintErrors":[]},{"date":"Wed, 07 Jun 2017 01:50:10 GMT","sloc":85,"lloc":40,"functions":9,"deliveredBugs":0.304,"difficulty":15.053,"maintainability":77.236,"lintErrors":[]},{"date":"Wed, 01 Nov 2017 21:39:45 GMT","sloc":85,"lloc":40,"functions":9,"deliveredBugs":0.304,"difficulty":15.053,"maintainability":77.236,"lintErrors":[]},{"date":"Thu, 21 Dec 2017 03:52:22 GMT","sloc":85,"lloc":40,"functions":9,"deliveredBugs":0.304,"difficulty":15.053,"maintainability":77.236,"lintErrors":[]},{"date":"Wed, 28 Feb 2018 23:44:57 GMT","sloc":85,"lloc":40,"functions":9,"deliveredBugs":0.304,"difficulty":15.053,"maintainability":77.236,"lintErrors":[]},{"date":"Tue, 03 Apr 2018 22:51:05 GMT","sloc":84,"lloc":38,"functions":9,"deliveredBugs":0.283,"difficulty":13.459,"maintainability":78.374,"lintErrors":[]},{"date":"Wed, 09 May 2018 02:44:08 GMT","sloc":84,"lloc":38,"functions":9,"deliveredBugs":0.283,"difficulty":13.459,"maintainability":78.374,"lintErrors":[]},{"date":"Thu, 02 Aug 2018 02:59:37 GMT","sloc":84,"lloc":38,"functions":9,"deliveredBugs":0.283,"difficulty":13.459,"maintainability":78.374,"lintErrors":[]},{"date":"Mon, 03 Dec 2018 03:19:32 GMT","sloc":90,"lloc":40,"functions":10,"deliveredBugs":0.305,"difficulty":14.757,"maintainability":78.888,"lintErrors":[]},{"date":"Tue, 12 Mar 2019 02:28:45 GMT","sloc":90,"lloc":40,"functions":10,"deliveredBugs":0.305,"difficulty":14.757,"maintainability":78.888,"lintErrors":[]}]