[{"date":"Sat, 29 Apr 2017 12:09:54 GMT","sloc":35,"lloc":2,"functions":0,"deliveredBugs":0.011,"difficulty":1.5,"maintainability":85.71,"lintErrors":[]},{"date":"Wed, 07 Jun 2017 01:50:11 GMT","sloc":35,"lloc":2,"functions":0,"deliveredBugs":0.011,"difficulty":1.5,"maintainability":85.71,"lintErrors":[]},{"date":"Wed, 01 Nov 2017 21:39:45 GMT","sloc":35,"lloc":2,"functions":0,"deliveredBugs":0.011,"difficulty":1.5,"maintainability":85.71,"lintErrors":[]},{"date":"Thu, 21 Dec 2017 03:52:23 GMT","sloc":35,"lloc":2,"functions":0,"deliveredBugs":0.011,"difficulty":1.5,"maintainability":85.71,"lintErrors":[]},{"date":"Wed, 28 Feb 2018 23:44:59 GMT","sloc":35,"lloc":2,"functions":0,"deliveredBugs":0.011,"difficulty":1.5,"maintainability":85.71,"lintErrors":[]},{"date":"Tue, 03 Apr 2018 22:51:05 GMT","sloc":35,"lloc":2,"functions":0,"deliveredBugs":0.011,"difficulty":1.5,"maintainability":85.71,"lintErrors":[]},{"date":"Wed, 09 May 2018 02:44:09 GMT","sloc":35,"lloc":2,"functions":0,"deliveredBugs":0.011,"difficulty":1.5,"maintainability":85.71,"lintErrors":[]},{"date":"Thu, 02 Aug 2018 02:59:38 GMT","sloc":35,"lloc":2,"functions":0,"deliveredBugs":0.011,"difficulty":1.5,"maintainability":85.71,"lintErrors":[]}]