[{"date":"Wed, 09 May 2018 02:44:10 GMT","sloc":32,"lloc":12,"functions":3,"deliveredBugs":0.166,"difficulty":6.667,"maintainability":76.731,"lintErrors":[]},{"date":"Thu, 02 Aug 2018 02:59:38 GMT","sloc":32,"lloc":12,"functions":3,"deliveredBugs":0.166,"difficulty":6.667,"maintainability":76.731,"lintErrors":[]},{"date":"Mon, 03 Dec 2018 03:19:33 GMT","sloc":32,"lloc":12,"functions":3,"deliveredBugs":0.166,"difficulty":6.667,"maintainability":76.731,"lintErrors":[]},{"date":"Tue, 12 Mar 2019 02:28:48 GMT","sloc":32,"lloc":12,"functions":3,"deliveredBugs":0.166,"difficulty":6.667,"maintainability":76.731,"lintErrors":[]}]