[{"date":"Sat, 03 Dec 2016 16:45:14 GMT","sloc":141,"lloc":34,"functions":3,"deliveredBugs":0.332,"difficulty":14.548,"maintainability":69.54,"lintErrors":[]},{"date":"Sun, 05 Feb 2017 17:36:57 GMT","sloc":166,"lloc":38,"functions":5,"deliveredBugs":0.376,"difficulty":14.714,"maintainability":74.835,"lintErrors":[]},{"date":"Thu, 02 Mar 2017 17:35:31 GMT","sloc":166,"lloc":38,"functions":5,"deliveredBugs":0.376,"difficulty":14.714,"maintainability":74.835,"lintErrors":[]},{"date":"Mon, 27 Mar 2017 03:48:26 GMT","sloc":166,"lloc":38,"functions":5,"deliveredBugs":0.376,"difficulty":14.714,"maintainability":74.835,"lintErrors":[]},{"date":"Sat, 29 Apr 2017 12:09:53 GMT","sloc":153,"lloc":36,"functions":5,"deliveredBugs":0.349,"difficulty":15.077,"maintainability":74.835,"lintErrors":[]},{"date":"Wed, 07 Jun 2017 01:50:10 GMT","sloc":150,"lloc":36,"functions":5,"deliveredBugs":0.357,"difficulty":18,"maintainability":75.056,"lintErrors":[]},{"date":"Wed, 01 Nov 2017 21:39:44 GMT","sloc":150,"lloc":36,"functions":5,"deliveredBugs":0.357,"difficulty":18,"maintainability":75.056,"lintErrors":[]},{"date":"Thu, 21 Dec 2017 03:52:21 GMT","sloc":150,"lloc":36,"functions":5,"deliveredBugs":0.357,"difficulty":18,"maintainability":75.056,"lintErrors":[]},{"date":"Wed, 28 Feb 2018 23:44:57 GMT","sloc":147,"lloc":35,"functions":5,"deliveredBugs":0.35,"difficulty":18,"maintainability":75.056,"lintErrors":[]},{"date":"Tue, 03 Apr 2018 22:51:05 GMT","sloc":151,"lloc":36,"functions":5,"deliveredBugs":0.367,"difficulty":17.321,"maintainability":75.056,"lintErrors":[]},{"date":"Wed, 09 May 2018 02:44:08 GMT","sloc":160,"lloc":40,"functions":6,"deliveredBugs":0.386,"difficulty":19.98,"maintainability":75.796,"lintErrors":[]},{"date":"Thu, 02 Aug 2018 02:59:36 GMT","sloc":160,"lloc":40,"functions":6,"deliveredBugs":0.386,"difficulty":19.98,"maintainability":75.796,"lintErrors":[]},{"date":"Mon, 03 Dec 2018 03:19:32 GMT","sloc":162,"lloc":41,"functions":6,"deliveredBugs":0.4,"difficulty":20.644,"maintainability":75.774,"lintErrors":[]},{"date":"Tue, 12 Mar 2019 02:28:44 GMT","sloc":157,"lloc":40,"functions":6,"deliveredBugs":0.386,"difficulty":21.327,"maintainability":75.774,"lintErrors":[]},{"date":"Wed, 30 Oct 2019 02:18:46 GMT","sloc":157,"lloc":40,"functions":6,"deliveredBugs":0.386,"difficulty":21.327,"maintainability":75.774,"lintErrors":[]}]