[{"date":"Mon, 27 Mar 2017 03:48:27 GMT","sloc":44,"lloc":14,"functions":3,"deliveredBugs":0.108,"difficulty":9.75,"maintainability":77.585,"lintErrors":[]},{"date":"Sat, 29 Apr 2017 12:09:54 GMT","sloc":44,"lloc":14,"functions":3,"deliveredBugs":0.107,"difficulty":10.45,"maintainability":77.444,"lintErrors":[]},{"date":"Wed, 07 Jun 2017 01:50:10 GMT","sloc":44,"lloc":14,"functions":3,"deliveredBugs":0.107,"difficulty":10.45,"maintainability":77.444,"lintErrors":[]},{"date":"Wed, 01 Nov 2017 21:39:45 GMT","sloc":44,"lloc":14,"functions":3,"deliveredBugs":0.107,"difficulty":10.45,"maintainability":77.444,"lintErrors":[]},{"date":"Thu, 21 Dec 2017 03:52:22 GMT","sloc":44,"lloc":14,"functions":3,"deliveredBugs":0.107,"difficulty":10.45,"maintainability":77.444,"lintErrors":[]}]