[{"date":"Mon, 27 Mar 2017 03:48:27 GMT","sloc":44,"lloc":14,"functions":3,"deliveredBugs":0.108,"difficulty":9.75,"maintainability":77.585,"lintErrors":[]},{"date":"Sat, 29 Apr 2017 12:09:54 GMT","sloc":44,"lloc":14,"functions":3,"deliveredBugs":0.107,"difficulty":10.45,"maintainability":77.444,"lintErrors":[]},{"date":"Wed, 07 Jun 2017 01:50:10 GMT","sloc":44,"lloc":14,"functions":3,"deliveredBugs":0.107,"difficulty":10.45,"maintainability":77.444,"lintErrors":[]},{"date":"Wed, 01 Nov 2017 21:39:45 GMT","sloc":44,"lloc":14,"functions":3,"deliveredBugs":0.107,"difficulty":10.45,"maintainability":77.444,"lintErrors":[]},{"date":"Thu, 21 Dec 2017 03:52:22 GMT","sloc":44,"lloc":14,"functions":3,"deliveredBugs":0.107,"difficulty":10.45,"maintainability":77.444,"lintErrors":[]},{"date":"Wed, 28 Feb 2018 23:44:58 GMT","sloc":44,"lloc":14,"functions":3,"deliveredBugs":0.107,"difficulty":10.45,"maintainability":77.444,"lintErrors":[]},{"date":"Tue, 03 Apr 2018 22:51:05 GMT","sloc":44,"lloc":14,"functions":3,"deliveredBugs":0.107,"difficulty":10.45,"maintainability":77.444,"lintErrors":[]},{"date":"Wed, 09 May 2018 02:44:09 GMT","sloc":44,"lloc":14,"functions":3,"deliveredBugs":0.107,"difficulty":10.45,"maintainability":77.444,"lintErrors":[]},{"date":"Thu, 02 Aug 2018 02:59:37 GMT","sloc":44,"lloc":14,"functions":3,"deliveredBugs":0.107,"difficulty":10.45,"maintainability":77.444,"lintErrors":[]},{"date":"Mon, 03 Dec 2018 03:19:33 GMT","sloc":44,"lloc":14,"functions":3,"deliveredBugs":0.105,"difficulty":10.711,"maintainability":77.466,"lintErrors":[]}]