[{"date":"Wed, 07 Jun 2017 01:50:11 GMT","sloc":47,"lloc":20,"functions":5,"deliveredBugs":0.198,"difficulty":11,"maintainability":79.562,"lintErrors":[]},{"date":"Wed, 01 Nov 2017 21:39:46 GMT","sloc":47,"lloc":20,"functions":5,"deliveredBugs":0.198,"difficulty":11,"maintainability":79.562,"lintErrors":[]},{"date":"Thu, 21 Dec 2017 03:52:23 GMT","sloc":47,"lloc":20,"functions":5,"deliveredBugs":0.198,"difficulty":11,"maintainability":79.562,"lintErrors":[]},{"date":"Wed, 28 Feb 2018 23:44:59 GMT","sloc":49,"lloc":21,"functions":5,"deliveredBugs":0.201,"difficulty":10.828,"maintainability":79.562,"lintErrors":[]},{"date":"Tue, 03 Apr 2018 22:51:06 GMT","sloc":49,"lloc":21,"functions":5,"deliveredBugs":0.201,"difficulty":10.828,"maintainability":79.562,"lintErrors":[]}]