[{"date":"Sat, 29 Apr 2017 12:09:54 GMT","sloc":218,"lloc":40,"functions":12,"deliveredBugs":0.519,"difficulty":14.89,"maintainability":86.11,"lintErrors":[]},{"date":"Wed, 07 Jun 2017 01:50:11 GMT","sloc":218,"lloc":40,"functions":12,"deliveredBugs":0.519,"difficulty":14.89,"maintainability":86.11,"lintErrors":[]},{"date":"Wed, 01 Nov 2017 21:39:45 GMT","sloc":218,"lloc":40,"functions":12,"deliveredBugs":0.519,"difficulty":14.89,"maintainability":86.11,"lintErrors":[]},{"date":"Thu, 21 Dec 2017 03:52:22 GMT","sloc":218,"lloc":40,"functions":12,"deliveredBugs":0.519,"difficulty":14.89,"maintainability":86.11,"lintErrors":[]}]