[{"date":"Sun, 05 Feb 2017 17:36:57 GMT","sloc":67,"lloc":26,"functions":6,"deliveredBugs":0.3,"difficulty":20.563,"maintainability":77.028,"lintErrors":[]},{"date":"Thu, 02 Mar 2017 17:35:32 GMT","sloc":99,"lloc":31,"functions":7,"deliveredBugs":0.328,"difficulty":21.636,"maintainability":76.911,"lintErrors":[]},{"date":"Mon, 27 Mar 2017 03:48:27 GMT","sloc":99,"lloc":31,"functions":7,"deliveredBugs":0.328,"difficulty":21.636,"maintainability":76.911,"lintErrors":[]},{"date":"Sat, 29 Apr 2017 12:09:54 GMT","sloc":99,"lloc":31,"functions":7,"deliveredBugs":0.328,"difficulty":21.636,"maintainability":76.911,"lintErrors":[]},{"date":"Wed, 07 Jun 2017 01:50:10 GMT","sloc":99,"lloc":31,"functions":7,"deliveredBugs":0.328,"difficulty":21.636,"maintainability":76.911,"lintErrors":[]},{"date":"Wed, 01 Nov 2017 21:39:45 GMT","sloc":99,"lloc":31,"functions":7,"deliveredBugs":0.328,"difficulty":21.636,"maintainability":76.911,"lintErrors":[]}]