[
    {
        "date": "Sat, 03 Dec 2016 16:45:14 GMT",
        "sloc": 42,
        "lloc": 7,
        "functions": 2,
        "deliveredBugs": 0.085,
        "difficulty": 11.393,
        "maintainability": 89.82,
        "lintErrors": []
    },
    {
        "date": "Sun, 05 Feb 2017 17:36:56 GMT",
        "sloc": 42,
        "lloc": 7,
        "functions": 2,
        "deliveredBugs": 0.085,
        "difficulty": 11.393,
        "maintainability": 89.82,
        "lintErrors": []
    },
    {
        "date": "Thu, 02 Mar 2017 17:35:31 GMT",
        "sloc": 42,
        "lloc": 7,
        "functions": 2,
        "deliveredBugs": 0.085,
        "difficulty": 11.393,
        "maintainability": 89.82,
        "lintErrors": []
    },
    {
        "date": "Mon, 27 Mar 2017 03:48:26 GMT",
        "sloc": 42,
        "lloc": 7,
        "functions": 2,
        "deliveredBugs": 0.085,
        "difficulty": 11.393,
        "maintainability": 89.82,
        "lintErrors": []
    },
    {
        "date": "Sat, 29 Apr 2017 12:09:53 GMT",
        "sloc": 42,
        "lloc": 7,
        "functions": 2,
        "deliveredBugs": 0.085,
        "difficulty": 11.393,
        "maintainability": 89.82,
        "lintErrors": []
    },
    {
        "date": "Wed, 07 Jun 2017 01:50:10 GMT",
        "sloc": 43,
        "lloc": 9,
        "functions": 2,
        "deliveredBugs": 0.062,
        "difficulty": 7.962,
        "maintainability": 83.239,
        "lintErrors": []
    },
    {
        "date": "Wed, 01 Nov 2017 21:39:44 GMT",
        "sloc": 43,
        "lloc": 9,
        "functions": 2,
        "deliveredBugs": 0.062,
        "difficulty": 7.962,
        "maintainability": 83.239,
        "lintErrors": []
    }
]
