[{"date":"Wed, 28 Feb 2018 23:45:00 GMT","sloc":27,"lloc":4,"functions":0,"deliveredBugs":0.019,"difficulty":3,"maintainability":76.636,"lintErrors":[]},{"date":"Tue, 03 Apr 2018 22:51:06 GMT","sloc":27,"lloc":4,"functions":0,"deliveredBugs":0.019,"difficulty":3,"maintainability":76.636,"lintErrors":[]},{"date":"Wed, 09 May 2018 02:44:10 GMT","sloc":27,"lloc":4,"functions":0,"deliveredBugs":0.019,"difficulty":3,"maintainability":76.636,"lintErrors":[]},{"date":"Thu, 02 Aug 2018 02:59:39 GMT","sloc":28,"lloc":5,"functions":0,"deliveredBugs":0.023,"difficulty":3,"maintainability":74.049,"lintErrors":[]},{"date":"Mon, 03 Dec 2018 03:19:34 GMT","sloc":86,"lloc":15,"functions":4,"deliveredBugs":0.101,"difficulty":6.727,"maintainability":95.285,"lintErrors":[]}]