[{"date":"Sat, 03 Dec 2016 16:45:15 GMT","sloc":111,"lloc":50,"functions":6,"deliveredBugs":0.487,"difficulty":21.525,"maintainability":73.186,"lintErrors":[]},{"date":"Sun, 05 Feb 2017 17:36:57 GMT","sloc":111,"lloc":50,"functions":6,"deliveredBugs":0.487,"difficulty":21.525,"maintainability":73.186,"lintErrors":[]},{"date":"Thu, 02 Mar 2017 17:35:32 GMT","sloc":111,"lloc":50,"functions":6,"deliveredBugs":0.487,"difficulty":21.525,"maintainability":73.186,"lintErrors":[]},{"date":"Mon, 27 Mar 2017 03:48:26 GMT","sloc":111,"lloc":50,"functions":6,"deliveredBugs":0.487,"difficulty":21.525,"maintainability":73.186,"lintErrors":[]},{"date":"Sat, 29 Apr 2017 12:09:53 GMT","sloc":112,"lloc":50,"functions":6,"deliveredBugs":0.487,"difficulty":21.525,"maintainability":73.186,"lintErrors":[]},{"date":"Wed, 07 Jun 2017 01:50:10 GMT","sloc":111,"lloc":50,"functions":6,"deliveredBugs":0.487,"difficulty":21.525,"maintainability":73.186,"lintErrors":[]},{"date":"Wed, 01 Nov 2017 21:39:45 GMT","sloc":115,"lloc":53,"functions":6,"deliveredBugs":0.538,"difficulty":23.39,"maintainability":71.742,"lintErrors":[]},{"date":"Thu, 21 Dec 2017 03:52:22 GMT","sloc":115,"lloc":53,"functions":6,"deliveredBugs":0.538,"difficulty":23.39,"maintainability":71.742,"lintErrors":[]},{"date":"Wed, 28 Feb 2018 23:44:58 GMT","sloc":124,"lloc":55,"functions":7,"deliveredBugs":0.585,"difficulty":22.619,"maintainability":73.183,"lintErrors":[]},{"date":"Tue, 03 Apr 2018 22:51:05 GMT","sloc":110,"lloc":50,"functions":7,"deliveredBugs":0.532,"difficulty":23.966,"maintainability":73.183,"lintErrors":[]},{"date":"Wed, 09 May 2018 02:44:08 GMT","sloc":110,"lloc":50,"functions":7,"deliveredBugs":0.532,"difficulty":23.966,"maintainability":73.183,"lintErrors":[]}]