[{"date":"Wed, 07 Jun 2017 01:50:11 GMT","sloc":208,"lloc":65,"functions":17,"deliveredBugs":0.774,"difficulty":20.211,"maintainability":80.378,"lintErrors":[]},{"date":"Wed, 01 Nov 2017 21:39:46 GMT","sloc":381,"lloc":93,"functions":21,"deliveredBugs":1.15,"difficulty":26.443,"maintainability":77.709,"lintErrors":[]},{"date":"Thu, 21 Dec 2017 03:52:23 GMT","sloc":389,"lloc":93,"functions":21,"deliveredBugs":1.15,"difficulty":26.443,"maintainability":77.709,"lintErrors":[]},{"date":"Wed, 28 Feb 2018 23:44:59 GMT","sloc":389,"lloc":93,"functions":21,"deliveredBugs":1.15,"difficulty":26.443,"maintainability":77.709,"lintErrors":[]},{"date":"Tue, 03 Apr 2018 22:51:06 GMT","sloc":389,"lloc":93,"functions":21,"deliveredBugs":1.15,"difficulty":26.443,"maintainability":77.709,"lintErrors":[]},{"date":"Wed, 09 May 2018 02:44:09 GMT","sloc":389,"lloc":93,"functions":21,"deliveredBugs":1.15,"difficulty":26.443,"maintainability":77.709,"lintErrors":[]},{"date":"Thu, 02 Aug 2018 02:59:38 GMT","sloc":389,"lloc":93,"functions":21,"deliveredBugs":1.15,"difficulty":26.443,"maintainability":77.709,"lintErrors":[]},{"date":"Mon, 03 Dec 2018 03:19:33 GMT","sloc":391,"lloc":93,"functions":21,"deliveredBugs":1.15,"difficulty":24.727,"maintainability":77.745,"lintErrors":[]},{"date":"Tue, 12 Mar 2019 02:28:47 GMT","sloc":391,"lloc":93,"functions":21,"deliveredBugs":1.145,"difficulty":24.888,"maintainability":77.748,"lintErrors":[]},{"date":"Wed, 30 Oct 2019 02:18:47 GMT","sloc":391,"lloc":93,"functions":21,"deliveredBugs":1.145,"difficulty":24.888,"maintainability":77.748,"lintErrors":[]}]