[{"date":"Wed, 09 May 2018 02:44:10 GMT","sloc":24,"lloc":7,"functions":2,"deliveredBugs":0.054,"difficulty":4.594,"maintainability":83.939,"lintErrors":[]},{"date":"Thu, 02 Aug 2018 02:59:38 GMT","sloc":24,"lloc":7,"functions":2,"deliveredBugs":0.054,"difficulty":4.594,"maintainability":83.939,"lintErrors":[]},{"date":"Mon, 03 Dec 2018 03:19:33 GMT","sloc":25,"lloc":7,"functions":2,"deliveredBugs":0.054,"difficulty":4.594,"maintainability":83.939,"lintErrors":[]},{"date":"Tue, 12 Mar 2019 02:28:48 GMT","sloc":25,"lloc":7,"functions":2,"deliveredBugs":0.054,"difficulty":4.594,"maintainability":83.939,"lintErrors":[]}]