[{"date":"Wed, 01 Nov 2017 21:39:46 GMT","sloc":127,"lloc":46,"functions":14,"deliveredBugs":0.546,"difficulty":14.929,"maintainability":80.855,"lintErrors":[]},{"date":"Thu, 21 Dec 2017 03:52:23 GMT","sloc":127,"lloc":46,"functions":14,"deliveredBugs":0.546,"difficulty":14.929,"maintainability":80.855,"lintErrors":[]},{"date":"Wed, 28 Feb 2018 23:45:00 GMT","sloc":133,"lloc":47,"functions":14,"deliveredBugs":0.588,"difficulty":15.541,"maintainability":79.875,"lintErrors":[]},{"date":"Tue, 03 Apr 2018 22:51:06 GMT","sloc":133,"lloc":47,"functions":14,"deliveredBugs":0.588,"difficulty":15.541,"maintainability":79.875,"lintErrors":[]},{"date":"Wed, 09 May 2018 02:44:10 GMT","sloc":152,"lloc":56,"functions":16,"deliveredBugs":0.709,"difficulty":17.644,"maintainability":80.772,"lintErrors":[]}]