[{"date":"Sun, 05 Feb 2017 17:36:57 GMT","sloc":128,"lloc":44,"functions":12,"deliveredBugs":0.515,"difficulty":13.798,"maintainability":80.225,"lintErrors":[]},{"date":"Thu, 02 Mar 2017 17:35:32 GMT","sloc":128,"lloc":44,"functions":12,"deliveredBugs":0.515,"difficulty":13.798,"maintainability":80.225,"lintErrors":[]},{"date":"Mon, 27 Mar 2017 03:48:26 GMT","sloc":128,"lloc":44,"functions":12,"deliveredBugs":0.515,"difficulty":13.798,"maintainability":80.225,"lintErrors":[]},{"date":"Sat, 29 Apr 2017 12:09:54 GMT","sloc":128,"lloc":44,"functions":12,"deliveredBugs":0.515,"difficulty":13.798,"maintainability":80.225,"lintErrors":[]},{"date":"Wed, 07 Jun 2017 01:50:10 GMT","sloc":128,"lloc":44,"functions":12,"deliveredBugs":0.515,"difficulty":13.798,"maintainability":80.225,"lintErrors":[]},{"date":"Wed, 01 Nov 2017 21:39:45 GMT","sloc":128,"lloc":44,"functions":12,"deliveredBugs":0.515,"difficulty":13.798,"maintainability":80.225,"lintErrors":[]},{"date":"Thu, 21 Dec 2017 03:52:22 GMT","sloc":128,"lloc":44,"functions":12,"deliveredBugs":0.515,"difficulty":13.798,"maintainability":80.225,"lintErrors":[]},{"date":"Wed, 28 Feb 2018 23:44:58 GMT","sloc":128,"lloc":44,"functions":12,"deliveredBugs":0.515,"difficulty":13.798,"maintainability":80.225,"lintErrors":[]}]