[{"date":"Sat, 29 Apr 2017 12:09:54 GMT","sloc":36,"lloc":2,"functions":0,"deliveredBugs":0.011,"difficulty":1.5,"maintainability":85.71,"lintErrors":[]},{"date":"Wed, 07 Jun 2017 01:50:11 GMT","sloc":36,"lloc":2,"functions":0,"deliveredBugs":0.011,"difficulty":1.5,"maintainability":85.71,"lintErrors":[]},{"date":"Wed, 01 Nov 2017 21:39:45 GMT","sloc":36,"lloc":2,"functions":0,"deliveredBugs":0.011,"difficulty":1.5,"maintainability":85.71,"lintErrors":[]},{"date":"Thu, 21 Dec 2017 03:52:22 GMT","sloc":36,"lloc":2,"functions":0,"deliveredBugs":0.011,"difficulty":1.5,"maintainability":85.71,"lintErrors":[]},{"date":"Wed, 28 Feb 2018 23:44:59 GMT","sloc":36,"lloc":2,"functions":0,"deliveredBugs":0.011,"difficulty":1.5,"maintainability":85.71,"lintErrors":[]},{"date":"Tue, 03 Apr 2018 22:51:05 GMT","sloc":36,"lloc":2,"functions":0,"deliveredBugs":0.011,"difficulty":1.5,"maintainability":85.71,"lintErrors":[]},{"date":"Wed, 09 May 2018 02:44:09 GMT","sloc":36,"lloc":2,"functions":0,"deliveredBugs":0.011,"difficulty":1.5,"maintainability":85.71,"lintErrors":[]},{"date":"Thu, 02 Aug 2018 02:59:38 GMT","sloc":36,"lloc":2,"functions":0,"deliveredBugs":0.011,"difficulty":1.5,"maintainability":85.71,"lintErrors":[]},{"date":"Mon, 03 Dec 2018 03:19:33 GMT","sloc":36,"lloc":2,"functions":0,"deliveredBugs":0.011,"difficulty":1.5,"maintainability":85.71,"lintErrors":[]},{"date":"Tue, 12 Mar 2019 02:28:47 GMT","sloc":43,"lloc":4,"functions":1,"deliveredBugs":0.015,"difficulty":2,"maintainability":100,"lintErrors":[]}]