[{"date":"Sun, 05 Feb 2017 17:36:57 GMT","sloc":19,"lloc":3,"functions":1,"deliveredBugs":0.009,"difficulty":2.5,"maintainability":93.11,"lintErrors":[]},{"date":"Thu, 02 Mar 2017 17:35:32 GMT","sloc":19,"lloc":3,"functions":1,"deliveredBugs":0.009,"difficulty":2.5,"maintainability":93.11,"lintErrors":[]},{"date":"Mon, 27 Mar 2017 03:48:26 GMT","sloc":19,"lloc":3,"functions":1,"deliveredBugs":0.009,"difficulty":2.5,"maintainability":93.11,"lintErrors":[]},{"date":"Sat, 29 Apr 2017 12:09:53 GMT","sloc":19,"lloc":3,"functions":1,"deliveredBugs":0.009,"difficulty":2.5,"maintainability":93.11,"lintErrors":[]},{"date":"Wed, 07 Jun 2017 01:50:10 GMT","sloc":19,"lloc":3,"functions":1,"deliveredBugs":0.009,"difficulty":2.5,"maintainability":93.11,"lintErrors":[]},{"date":"Wed, 01 Nov 2017 21:39:45 GMT","sloc":19,"lloc":3,"functions":1,"deliveredBugs":0.009,"difficulty":2.5,"maintainability":93.11,"lintErrors":[]}]