[{"date":"Wed, 07 Jun 2017 01:50:11 GMT","sloc":65,"lloc":19,"functions":7,"deliveredBugs":0.148,"difficulty":10.417,"maintainability":84.009,"lintErrors":[]},{"date":"Wed, 01 Nov 2017 21:39:46 GMT","sloc":86,"lloc":26,"functions":7,"deliveredBugs":0.208,"difficulty":9.118,"maintainability":85.075,"lintErrors":[]},{"date":"Thu, 21 Dec 2017 03:52:23 GMT","sloc":86,"lloc":26,"functions":7,"deliveredBugs":0.208,"difficulty":9.118,"maintainability":85.075,"lintErrors":[]},{"date":"Wed, 28 Feb 2018 23:44:59 GMT","sloc":86,"lloc":26,"functions":7,"deliveredBugs":0.208,"difficulty":9.118,"maintainability":85.075,"lintErrors":[]},{"date":"Tue, 03 Apr 2018 22:51:06 GMT","sloc":86,"lloc":26,"functions":7,"deliveredBugs":0.208,"difficulty":9.118,"maintainability":85.075,"lintErrors":[]},{"date":"Wed, 09 May 2018 02:44:09 GMT","sloc":86,"lloc":26,"functions":7,"deliveredBugs":0.208,"difficulty":9.118,"maintainability":85.075,"lintErrors":[]},{"date":"Thu, 02 Aug 2018 02:59:38 GMT","sloc":107,"lloc":32,"functions":9,"deliveredBugs":0.267,"difficulty":10.345,"maintainability":84.012,"lintErrors":[]},{"date":"Mon, 03 Dec 2018 03:19:33 GMT","sloc":109,"lloc":34,"functions":9,"deliveredBugs":0.281,"difficulty":10.375,"maintainability":84.012,"lintErrors":[]}]