[{"date":"Wed, 07 Jun 2017 01:50:11 GMT","sloc":196,"lloc":32,"functions":3,"deliveredBugs":0.32,"difficulty":16.333,"maintainability":77.284,"lintErrors":[]},{"date":"Wed, 01 Nov 2017 21:39:46 GMT","sloc":198,"lloc":28,"functions":3,"deliveredBugs":0.328,"difficulty":19.309,"maintainability":77.147,"lintErrors":[]},{"date":"Thu, 21 Dec 2017 03:52:23 GMT","sloc":198,"lloc":28,"functions":3,"deliveredBugs":0.328,"difficulty":19.309,"maintainability":77.147,"lintErrors":[]},{"date":"Wed, 28 Feb 2018 23:44:59 GMT","sloc":198,"lloc":28,"functions":3,"deliveredBugs":0.328,"difficulty":19.309,"maintainability":77.147,"lintErrors":[]}]