[{"date":"Wed, 07 Jun 2017 01:50:11 GMT","sloc":196,"lloc":32,"functions":3,"deliveredBugs":0.32,"difficulty":16.333,"maintainability":77.284,"lintErrors":[]},{"date":"Wed, 01 Nov 2017 21:39:46 GMT","sloc":198,"lloc":28,"functions":3,"deliveredBugs":0.328,"difficulty":19.309,"maintainability":77.147,"lintErrors":[]},{"date":"Thu, 21 Dec 2017 03:52:23 GMT","sloc":198,"lloc":28,"functions":3,"deliveredBugs":0.328,"difficulty":19.309,"maintainability":77.147,"lintErrors":[]},{"date":"Wed, 28 Feb 2018 23:44:59 GMT","sloc":198,"lloc":28,"functions":3,"deliveredBugs":0.328,"difficulty":19.309,"maintainability":77.147,"lintErrors":[]},{"date":"Tue, 03 Apr 2018 22:51:06 GMT","sloc":198,"lloc":28,"functions":3,"deliveredBugs":0.328,"difficulty":19.309,"maintainability":77.147,"lintErrors":[]},{"date":"Wed, 09 May 2018 02:44:09 GMT","sloc":213,"lloc":33,"functions":4,"deliveredBugs":0.348,"difficulty":17.514,"maintainability":76.814,"lintErrors":[]},{"date":"Thu, 02 Aug 2018 02:59:38 GMT","sloc":213,"lloc":33,"functions":4,"deliveredBugs":0.348,"difficulty":17.514,"maintainability":76.814,"lintErrors":[]},{"date":"Mon, 03 Dec 2018 03:19:33 GMT","sloc":213,"lloc":33,"functions":4,"deliveredBugs":0.348,"difficulty":17.514,"maintainability":76.814,"lintErrors":[]},{"date":"Tue, 12 Mar 2019 02:28:47 GMT","sloc":214,"lloc":33,"functions":4,"deliveredBugs":0.348,"difficulty":17.514,"maintainability":76.814,"lintErrors":[]},{"date":"Wed, 30 Oct 2019 02:18:47 GMT","sloc":214,"lloc":33,"functions":4,"deliveredBugs":0.348,"difficulty":17.514,"maintainability":76.814,"lintErrors":[]}]