[{"date":"Sun, 05 Feb 2017 17:36:57 GMT","sloc":48,"lloc":9,"functions":1,"deliveredBugs":0.067,"difficulty":5.063,"maintainability":93.762,"lintErrors":[]},{"date":"Thu, 02 Mar 2017 17:35:32 GMT","sloc":47,"lloc":9,"functions":1,"deliveredBugs":0.07,"difficulty":5.25,"maintainability":93.762,"lintErrors":[]},{"date":"Mon, 27 Mar 2017 03:48:27 GMT","sloc":47,"lloc":9,"functions":1,"deliveredBugs":0.07,"difficulty":5.25,"maintainability":93.762,"lintErrors":[]},{"date":"Sat, 29 Apr 2017 12:09:54 GMT","sloc":47,"lloc":9,"functions":1,"deliveredBugs":0.07,"difficulty":5.25,"maintainability":93.762,"lintErrors":[]},{"date":"Wed, 07 Jun 2017 01:50:10 GMT","sloc":47,"lloc":9,"functions":1,"deliveredBugs":0.07,"difficulty":5.25,"maintainability":93.762,"lintErrors":[]},{"date":"Wed, 01 Nov 2017 21:39:45 GMT","sloc":47,"lloc":9,"functions":1,"deliveredBugs":0.07,"difficulty":5.25,"maintainability":93.762,"lintErrors":[]}]