[{"date":"Sat, 03 Dec 2016 16:45:14 GMT","sloc":39,"lloc":13,"functions":5,"deliveredBugs":0.11,"difficulty":7.435,"maintainability":93.855,"lintErrors":[]},{"date":"Sun, 05 Feb 2017 17:36:56 GMT","sloc":39,"lloc":13,"functions":5,"deliveredBugs":0.11,"difficulty":7.435,"maintainability":93.855,"lintErrors":[]},{"date":"Thu, 02 Mar 2017 17:35:31 GMT","sloc":39,"lloc":13,"functions":5,"deliveredBugs":0.11,"difficulty":7.435,"maintainability":93.855,"lintErrors":[]},{"date":"Mon, 27 Mar 2017 03:48:26 GMT","sloc":39,"lloc":13,"functions":5,"deliveredBugs":0.11,"difficulty":7.435,"maintainability":93.855,"lintErrors":[]},{"date":"Sat, 29 Apr 2017 12:09:53 GMT","sloc":39,"lloc":13,"functions":5,"deliveredBugs":0.11,"difficulty":7.435,"maintainability":93.855,"lintErrors":[]},{"date":"Wed, 07 Jun 2017 01:50:10 GMT","sloc":34,"lloc":6,"functions":2,"deliveredBugs":0.052,"difficulty":2.794,"maintainability":88.204,"lintErrors":[]},{"date":"Wed, 01 Nov 2017 21:39:44 GMT","sloc":34,"lloc":6,"functions":2,"deliveredBugs":0.052,"difficulty":2.794,"maintainability":88.204,"lintErrors":[]},{"date":"Thu, 21 Dec 2017 03:52:21 GMT","sloc":34,"lloc":6,"functions":2,"deliveredBugs":0.052,"difficulty":2.794,"maintainability":88.204,"lintErrors":[]},{"date":"Wed, 28 Feb 2018 23:44:57 GMT","sloc":20,"lloc":3,"functions":0,"deliveredBugs":0.017,"difficulty":1.125,"maintainability":81.539,"lintErrors":[]},{"date":"Tue, 03 Apr 2018 22:51:05 GMT","sloc":20,"lloc":3,"functions":0,"deliveredBugs":0.017,"difficulty":1.125,"maintainability":81.539,"lintErrors":[]},{"date":"Wed, 09 May 2018 02:44:08 GMT","sloc":24,"lloc":4,"functions":0,"deliveredBugs":0.02,"difficulty":2.813,"maintainability":76.543,"lintErrors":[]},{"date":"Thu, 02 Aug 2018 02:59:36 GMT","sloc":24,"lloc":4,"functions":0,"deliveredBugs":0.02,"difficulty":2.813,"maintainability":76.543,"lintErrors":[]},{"date":"Mon, 03 Dec 2018 03:19:32 GMT","sloc":24,"lloc":4,"functions":0,"deliveredBugs":0.02,"difficulty":2.813,"maintainability":76.543,"lintErrors":[]}]