[{"date":"Thu, 02 Aug 2018 02:59:38 GMT","sloc":24,"lloc":6,"functions":2,"deliveredBugs":0.039,"difficulty":4.455,"maintainability":83.306,"lintErrors":[]},{"date":"Mon, 03 Dec 2018 03:19:33 GMT","sloc":24,"lloc":6,"functions":2,"deliveredBugs":0.039,"difficulty":4.455,"maintainability":83.306,"lintErrors":[]},{"date":"Tue, 12 Mar 2019 02:28:47 GMT","sloc":24,"lloc":6,"functions":2,"deliveredBugs":0.039,"difficulty":4.455,"maintainability":83.306,"lintErrors":[]},{"date":"Wed, 30 Oct 2019 02:18:47 GMT","sloc":24,"lloc":6,"functions":2,"deliveredBugs":0.039,"difficulty":4.455,"maintainability":83.306,"lintErrors":[]}]