[{"date":"Wed, 07 Jun 2017 01:50:11 GMT","sloc":40,"lloc":17,"functions":3,"deliveredBugs":0.157,"difficulty":8.224,"maintainability":76.299,"lintErrors":[]},{"date":"Wed, 01 Nov 2017 21:39:46 GMT","sloc":40,"lloc":17,"functions":3,"deliveredBugs":0.157,"difficulty":8.224,"maintainability":76.299,"lintErrors":[]},{"date":"Thu, 21 Dec 2017 03:52:23 GMT","sloc":40,"lloc":17,"functions":3,"deliveredBugs":0.157,"difficulty":8.224,"maintainability":76.299,"lintErrors":[]},{"date":"Wed, 28 Feb 2018 23:44:59 GMT","sloc":40,"lloc":17,"functions":3,"deliveredBugs":0.157,"difficulty":8.224,"maintainability":76.299,"lintErrors":[]},{"date":"Tue, 03 Apr 2018 22:51:06 GMT","sloc":40,"lloc":17,"functions":3,"deliveredBugs":0.157,"difficulty":8.224,"maintainability":76.299,"lintErrors":[]},{"date":"Wed, 09 May 2018 02:44:10 GMT","sloc":42,"lloc":18,"functions":3,"deliveredBugs":0.157,"difficulty":8.379,"maintainability":76.299,"lintErrors":[]}]