[{"date":"Wed, 01 Nov 2017 21:39:46 GMT","sloc":18,"lloc":4,"functions":2,"deliveredBugs":0.027,"difficulty":4,"maintainability":94.501,"lintErrors":[]},{"date":"Thu, 21 Dec 2017 03:52:23 GMT","sloc":18,"lloc":4,"functions":2,"deliveredBugs":0.027,"difficulty":4,"maintainability":94.501,"lintErrors":[]},{"date":"Wed, 28 Feb 2018 23:44:59 GMT","sloc":18,"lloc":4,"functions":2,"deliveredBugs":0.027,"difficulty":4,"maintainability":94.501,"lintErrors":[]},{"date":"Tue, 03 Apr 2018 22:51:06 GMT","sloc":18,"lloc":4,"functions":2,"deliveredBugs":0.027,"difficulty":4,"maintainability":94.501,"lintErrors":[]}]