[{"date":"Thu, 21 Dec 2017 03:52:24 GMT","sloc":398,"lloc":112,"functions":22,"deliveredBugs":1.433,"difficulty":33.131,"maintainability":75.709,"lintErrors":[]},{"date":"Wed, 28 Feb 2018 23:45:00 GMT","sloc":398,"lloc":112,"functions":22,"deliveredBugs":1.433,"difficulty":33.131,"maintainability":75.709,"lintErrors":[]},{"date":"Tue, 03 Apr 2018 22:51:06 GMT","sloc":398,"lloc":112,"functions":22,"deliveredBugs":1.433,"difficulty":33.131,"maintainability":75.709,"lintErrors":[]},{"date":"Wed, 09 May 2018 02:44:10 GMT","sloc":398,"lloc":112,"functions":22,"deliveredBugs":1.433,"difficulty":33.131,"maintainability":75.709,"lintErrors":[]},{"date":"Thu, 02 Aug 2018 02:59:39 GMT","sloc":398,"lloc":112,"functions":22,"deliveredBugs":1.433,"difficulty":33.131,"maintainability":75.709,"lintErrors":[]}]