[{"date":"Thu, 21 Dec 2017 03:52:24 GMT","sloc":398,"lloc":112,"functions":22,"deliveredBugs":1.433,"difficulty":33.131,"maintainability":75.709,"lintErrors":[]},{"date":"Wed, 28 Feb 2018 23:45:00 GMT","sloc":398,"lloc":112,"functions":22,"deliveredBugs":1.433,"difficulty":33.131,"maintainability":75.709,"lintErrors":[]},{"date":"Tue, 03 Apr 2018 22:51:06 GMT","sloc":398,"lloc":112,"functions":22,"deliveredBugs":1.433,"difficulty":33.131,"maintainability":75.709,"lintErrors":[]},{"date":"Wed, 09 May 2018 02:44:10 GMT","sloc":398,"lloc":112,"functions":22,"deliveredBugs":1.433,"difficulty":33.131,"maintainability":75.709,"lintErrors":[]},{"date":"Thu, 02 Aug 2018 02:59:39 GMT","sloc":398,"lloc":112,"functions":22,"deliveredBugs":1.433,"difficulty":33.131,"maintainability":75.709,"lintErrors":[]},{"date":"Mon, 03 Dec 2018 03:19:34 GMT","sloc":402,"lloc":115,"functions":22,"deliveredBugs":1.451,"difficulty":30.37,"maintainability":75.326,"lintErrors":[]},{"date":"Tue, 12 Mar 2019 02:28:49 GMT","sloc":402,"lloc":115,"functions":22,"deliveredBugs":1.444,"difficulty":30.467,"maintainability":75.342,"lintErrors":[]},{"date":"Wed, 30 Oct 2019 02:18:48 GMT","sloc":402,"lloc":115,"functions":22,"deliveredBugs":1.444,"difficulty":30.467,"maintainability":75.342,"lintErrors":[]}]