[{"date":"Wed, 09 May 2018 02:44:08 GMT","sloc":18,"lloc":3,"functions":1,"deliveredBugs":0.01,"difficulty":2,"maintainability":100,"lintErrors":[]},{"date":"Thu, 02 Aug 2018 02:59:36 GMT","sloc":18,"lloc":3,"functions":1,"deliveredBugs":0.01,"difficulty":2,"maintainability":100,"lintErrors":[]},{"date":"Mon, 03 Dec 2018 03:19:31 GMT","sloc":18,"lloc":3,"functions":1,"deliveredBugs":0.01,"difficulty":2,"maintainability":100,"lintErrors":[]},{"date":"Tue, 12 Mar 2019 02:28:44 GMT","sloc":18,"lloc":3,"functions":1,"deliveredBugs":0.01,"difficulty":2,"maintainability":100,"lintErrors":[]},{"date":"Wed, 30 Oct 2019 02:18:45 GMT","sloc":18,"lloc":3,"functions":1,"deliveredBugs":0.01,"difficulty":2,"maintainability":100,"lintErrors":[]}]