[{"date":"Thu, 02 Aug 2018 02:59:39 GMT","sloc":226,"lloc":96,"functions":20,"deliveredBugs":1.151,"difficulty":23.583,"maintainability":76.253,"lintErrors":[]},{"date":"Mon, 03 Dec 2018 03:19:34 GMT","sloc":227,"lloc":96,"functions":20,"deliveredBugs":1.154,"difficulty":23.306,"maintainability":76.253,"lintErrors":[]},{"date":"Tue, 12 Mar 2019 02:28:49 GMT","sloc":227,"lloc":96,"functions":20,"deliveredBugs":1.147,"difficulty":23.417,"maintainability":76.257,"lintErrors":[]},{"date":"Wed, 30 Oct 2019 02:18:48 GMT","sloc":227,"lloc":96,"functions":20,"deliveredBugs":1.147,"difficulty":23.417,"maintainability":76.257,"lintErrors":[]}]