[{"date":"Sat, 03 Dec 2016 16:45:15 GMT","sloc":158,"lloc":81,"functions":17,"deliveredBugs":0.856,"difficulty":47.816,"maintainability":74.705,"lintErrors":[]},{"date":"Sun, 05 Feb 2017 17:36:57 GMT","sloc":171,"lloc":89,"functions":20,"deliveredBugs":0.934,"difficulty":54.105,"maintainability":75.651,"lintErrors":[]},{"date":"Thu, 02 Mar 2017 17:35:31 GMT","sloc":171,"lloc":89,"functions":20,"deliveredBugs":0.934,"difficulty":54.105,"maintainability":75.651,"lintErrors":[]},{"date":"Mon, 27 Mar 2017 03:48:26 GMT","sloc":171,"lloc":89,"functions":20,"deliveredBugs":0.934,"difficulty":54.105,"maintainability":75.651,"lintErrors":[]},{"date":"Sat, 29 Apr 2017 12:09:53 GMT","sloc":171,"lloc":89,"functions":20,"deliveredBugs":0.934,"difficulty":54.105,"maintainability":75.651,"lintErrors":[]},{"date":"Wed, 07 Jun 2017 01:50:10 GMT","sloc":177,"lloc":91,"functions":20,"deliveredBugs":0.954,"difficulty":54,"maintainability":75.651,"lintErrors":[]},{"date":"Wed, 01 Nov 2017 21:39:44 GMT","sloc":177,"lloc":91,"functions":20,"deliveredBugs":0.954,"difficulty":54,"maintainability":75.651,"lintErrors":[]},{"date":"Thu, 21 Dec 2017 03:52:22 GMT","sloc":177,"lloc":91,"functions":20,"deliveredBugs":0.954,"difficulty":54,"maintainability":75.651,"lintErrors":[]},{"date":"Wed, 28 Feb 2018 23:44:57 GMT","sloc":177,"lloc":91,"functions":20,"deliveredBugs":0.954,"difficulty":54,"maintainability":75.651,"lintErrors":[]},{"date":"Tue, 03 Apr 2018 22:51:05 GMT","sloc":180,"lloc":91,"functions":20,"deliveredBugs":0.954,"difficulty":54,"maintainability":75.651,"lintErrors":[]},{"date":"Wed, 09 May 2018 02:44:08 GMT","sloc":180,"lloc":91,"functions":20,"deliveredBugs":0.954,"difficulty":54,"maintainability":75.651,"lintErrors":[]},{"date":"Thu, 02 Aug 2018 02:59:37 GMT","sloc":180,"lloc":91,"functions":20,"deliveredBugs":0.954,"difficulty":54,"maintainability":75.651,"lintErrors":[]},{"date":"Mon, 03 Dec 2018 03:19:32 GMT","sloc":210,"lloc":107,"functions":25,"deliveredBugs":1.107,"difficulty":48.136,"maintainability":76.731,"lintErrors":[]}]