[{"date":"Sat, 03 Dec 2016 16:45:14 GMT","sloc":29,"lloc":7,"functions":1,"deliveredBugs":0.063,"difficulty":5.111,"maintainability":91.243,"lintErrors":[]},{"date":"Sun, 05 Feb 2017 17:36:56 GMT","sloc":29,"lloc":7,"functions":1,"deliveredBugs":0.063,"difficulty":5.111,"maintainability":91.243,"lintErrors":[]},{"date":"Thu, 02 Mar 2017 17:35:31 GMT","sloc":29,"lloc":7,"functions":1,"deliveredBugs":0.063,"difficulty":5.111,"maintainability":91.243,"lintErrors":[]},{"date":"Mon, 27 Mar 2017 03:48:26 GMT","sloc":29,"lloc":7,"functions":1,"deliveredBugs":0.063,"difficulty":5.111,"maintainability":91.243,"lintErrors":[]},{"date":"Sat, 29 Apr 2017 12:09:53 GMT","sloc":29,"lloc":7,"functions":1,"deliveredBugs":0.063,"difficulty":5.111,"maintainability":91.243,"lintErrors":[]},{"date":"Wed, 07 Jun 2017 01:50:10 GMT","sloc":27,"lloc":6,"functions":2,"deliveredBugs":0.041,"difficulty":3.036,"maintainability":85.437,"lintErrors":[]},{"date":"Wed, 01 Nov 2017 21:39:44 GMT","sloc":27,"lloc":6,"functions":2,"deliveredBugs":0.041,"difficulty":3.036,"maintainability":85.437,"lintErrors":[]},{"date":"Thu, 21 Dec 2017 03:52:21 GMT","sloc":27,"lloc":6,"functions":2,"deliveredBugs":0.041,"difficulty":3.036,"maintainability":85.437,"lintErrors":[]}]