[{"date":"Wed, 07 Jun 2017 01:50:10 GMT","sloc":38,"lloc":5,"functions":1,"deliveredBugs":0.025,"difficulty":5.571,"maintainability":78.022,"lintErrors":[]},{"date":"Wed, 01 Nov 2017 21:39:45 GMT","sloc":49,"lloc":13,"functions":3,"deliveredBugs":0.078,"difficulty":11,"maintainability":77.944,"lintErrors":[]},{"date":"Thu, 21 Dec 2017 03:52:22 GMT","sloc":49,"lloc":13,"functions":3,"deliveredBugs":0.078,"difficulty":11,"maintainability":77.944,"lintErrors":[]},{"date":"Wed, 28 Feb 2018 23:44:58 GMT","sloc":49,"lloc":13,"functions":3,"deliveredBugs":0.078,"difficulty":11,"maintainability":77.944,"lintErrors":[]}]