[{"date":"Wed, 28 Feb 2018 23:45:00 GMT","sloc":83,"lloc":40,"functions":11,"deliveredBugs":0.461,"difficulty":13.2,"maintainability":79.224,"lintErrors":[]},{"date":"Tue, 03 Apr 2018 22:51:06 GMT","sloc":83,"lloc":40,"functions":11,"deliveredBugs":0.461,"difficulty":13.2,"maintainability":79.224,"lintErrors":[]},{"date":"Wed, 09 May 2018 02:44:10 GMT","sloc":83,"lloc":40,"functions":11,"deliveredBugs":0.457,"difficulty":13.2,"maintainability":79.224,"lintErrors":[]},{"date":"Thu, 02 Aug 2018 02:59:38 GMT","sloc":83,"lloc":40,"functions":11,"deliveredBugs":0.457,"difficulty":13.2,"maintainability":79.224,"lintErrors":[]},{"date":"Mon, 03 Dec 2018 03:19:33 GMT","sloc":84,"lloc":40,"functions":11,"deliveredBugs":0.457,"difficulty":13.2,"maintainability":79.224,"lintErrors":[]}]