[{"date":"Thu, 02 Aug 2018 02:59:39 GMT","sloc":225,"lloc":56,"functions":11,"deliveredBugs":0.525,"difficulty":20.339,"maintainability":78.842,"lintErrors":[]},{"date":"Mon, 03 Dec 2018 03:19:34 GMT","sloc":231,"lloc":60,"functions":11,"deliveredBugs":0.535,"difficulty":20.533,"maintainability":77.67,"lintErrors":[]},{"date":"Tue, 12 Mar 2019 02:28:49 GMT","sloc":231,"lloc":60,"functions":11,"deliveredBugs":0.535,"difficulty":20.533,"maintainability":77.67,"lintErrors":[]},{"date":"Wed, 30 Oct 2019 02:18:48 GMT","sloc":231,"lloc":60,"functions":11,"deliveredBugs":0.535,"difficulty":20.533,"maintainability":77.67,"lintErrors":[]}]