[{"date":"Wed, 01 Nov 2017 21:39:46 GMT","sloc":34,"lloc":2,"functions":0,"deliveredBugs":0.011,"difficulty":1.5,"maintainability":85.71,"lintErrors":[]},{"date":"Thu, 21 Dec 2017 03:52:23 GMT","sloc":34,"lloc":2,"functions":0,"deliveredBugs":0.011,"difficulty":1.5,"maintainability":85.71,"lintErrors":[]},{"date":"Wed, 28 Feb 2018 23:45:00 GMT","sloc":34,"lloc":2,"functions":0,"deliveredBugs":0.011,"difficulty":1.5,"maintainability":85.71,"lintErrors":[]},{"date":"Tue, 03 Apr 2018 22:51:06 GMT","sloc":34,"lloc":2,"functions":0,"deliveredBugs":0.011,"difficulty":1.5,"maintainability":85.71,"lintErrors":[]},{"date":"Wed, 09 May 2018 02:44:10 GMT","sloc":34,"lloc":2,"functions":0,"deliveredBugs":0.011,"difficulty":1.5,"maintainability":85.71,"lintErrors":[]},{"date":"Thu, 02 Aug 2018 02:59:38 GMT","sloc":34,"lloc":2,"functions":0,"deliveredBugs":0.011,"difficulty":1.5,"maintainability":85.71,"lintErrors":[]}]