[{"date":"Wed, 01 Nov 2017 21:39:46 GMT","sloc":81,"lloc":11,"functions":2,"deliveredBugs":0.086,"difficulty":6.889,"maintainability":80.924,"lintErrors":[]},{"date":"Thu, 21 Dec 2017 03:52:23 GMT","sloc":81,"lloc":11,"functions":2,"deliveredBugs":0.086,"difficulty":6.889,"maintainability":80.924,"lintErrors":[]},{"date":"Wed, 28 Feb 2018 23:44:59 GMT","sloc":81,"lloc":11,"functions":2,"deliveredBugs":0.086,"difficulty":6.889,"maintainability":80.924,"lintErrors":[]},{"date":"Tue, 03 Apr 2018 22:51:06 GMT","sloc":81,"lloc":11,"functions":2,"deliveredBugs":0.086,"difficulty":6.889,"maintainability":80.924,"lintErrors":[]},{"date":"Wed, 09 May 2018 02:44:09 GMT","sloc":87,"lloc":11,"functions":2,"deliveredBugs":0.086,"difficulty":6.889,"maintainability":80.924,"lintErrors":[]},{"date":"Thu, 02 Aug 2018 02:59:38 GMT","sloc":87,"lloc":11,"functions":2,"deliveredBugs":0.086,"difficulty":6.889,"maintainability":80.924,"lintErrors":[]}]