[{"date":"Sun, 05 Feb 2017 17:36:57 GMT","sloc":55,"lloc":12,"functions":2,"deliveredBugs":0.103,"difficulty":8.289,"maintainability":78.124,"lintErrors":[]},{"date":"Thu, 02 Mar 2017 17:35:32 GMT","sloc":54,"lloc":12,"functions":2,"deliveredBugs":0.107,"difficulty":8.1,"maintainability":78.124,"lintErrors":[]},{"date":"Mon, 27 Mar 2017 03:48:27 GMT","sloc":54,"lloc":12,"functions":2,"deliveredBugs":0.107,"difficulty":8.1,"maintainability":78.124,"lintErrors":[]},{"date":"Sat, 29 Apr 2017 12:09:54 GMT","sloc":54,"lloc":12,"functions":2,"deliveredBugs":0.107,"difficulty":8.1,"maintainability":78.124,"lintErrors":[]},{"date":"Wed, 07 Jun 2017 01:50:10 GMT","sloc":54,"lloc":12,"functions":2,"deliveredBugs":0.107,"difficulty":8.1,"maintainability":78.124,"lintErrors":[]},{"date":"Wed, 01 Nov 2017 21:39:45 GMT","sloc":54,"lloc":12,"functions":2,"deliveredBugs":0.107,"difficulty":8.1,"maintainability":78.124,"lintErrors":[]},{"date":"Thu, 21 Dec 2017 03:52:22 GMT","sloc":54,"lloc":12,"functions":2,"deliveredBugs":0.107,"difficulty":8.1,"maintainability":78.124,"lintErrors":[]},{"date":"Wed, 28 Feb 2018 23:44:58 GMT","sloc":90,"lloc":24,"functions":5,"deliveredBugs":0.228,"difficulty":14.569,"maintainability":77.04,"lintErrors":[]},{"date":"Tue, 03 Apr 2018 22:51:05 GMT","sloc":90,"lloc":24,"functions":5,"deliveredBugs":0.228,"difficulty":14.569,"maintainability":77.04,"lintErrors":[]},{"date":"Wed, 09 May 2018 02:44:09 GMT","sloc":90,"lloc":24,"functions":5,"deliveredBugs":0.228,"difficulty":14.569,"maintainability":77.04,"lintErrors":[]},{"date":"Thu, 02 Aug 2018 02:59:37 GMT","sloc":90,"lloc":24,"functions":5,"deliveredBugs":0.228,"difficulty":14.569,"maintainability":77.04,"lintErrors":[]}]