[{"date":"Sat, 03 Dec 2016 16:45:15 GMT","sloc":72,"lloc":18,"functions":5,"deliveredBugs":0.133,"difficulty":10.4,"maintainability":82.738,"lintErrors":[]},{"date":"Sun, 05 Feb 2017 17:36:57 GMT","sloc":72,"lloc":18,"functions":5,"deliveredBugs":0.133,"difficulty":10.4,"maintainability":82.738,"lintErrors":[]},{"date":"Thu, 02 Mar 2017 17:35:31 GMT","sloc":72,"lloc":18,"functions":5,"deliveredBugs":0.133,"difficulty":10.4,"maintainability":82.738,"lintErrors":[]},{"date":"Mon, 27 Mar 2017 03:48:26 GMT","sloc":72,"lloc":18,"functions":5,"deliveredBugs":0.133,"difficulty":10.4,"maintainability":82.738,"lintErrors":[]},{"date":"Sat, 29 Apr 2017 12:09:53 GMT","sloc":72,"lloc":18,"functions":5,"deliveredBugs":0.133,"difficulty":10.4,"maintainability":82.738,"lintErrors":[]},{"date":"Wed, 07 Jun 2017 01:50:10 GMT","sloc":72,"lloc":18,"functions":5,"deliveredBugs":0.133,"difficulty":10.4,"maintainability":82.738,"lintErrors":[]},{"date":"Wed, 01 Nov 2017 21:39:44 GMT","sloc":72,"lloc":18,"functions":5,"deliveredBugs":0.133,"difficulty":10.4,"maintainability":82.738,"lintErrors":[]},{"date":"Thu, 21 Dec 2017 03:52:21 GMT","sloc":72,"lloc":18,"functions":5,"deliveredBugs":0.133,"difficulty":10.4,"maintainability":82.738,"lintErrors":[]}]