[{"date":"Wed, 01 Nov 2017 21:39:46 GMT","sloc":240,"lloc":59,"functions":15,"deliveredBugs":0.658,"difficulty":25.429,"maintainability":78.225,"lintErrors":[]},{"date":"Thu, 21 Dec 2017 03:52:23 GMT","sloc":240,"lloc":59,"functions":15,"deliveredBugs":0.658,"difficulty":25.429,"maintainability":78.225,"lintErrors":[]},{"date":"Wed, 28 Feb 2018 23:45:00 GMT","sloc":240,"lloc":59,"functions":15,"deliveredBugs":0.658,"difficulty":25.429,"maintainability":78.225,"lintErrors":[]},{"date":"Tue, 03 Apr 2018 22:51:06 GMT","sloc":240,"lloc":59,"functions":15,"deliveredBugs":0.658,"difficulty":25.429,"maintainability":78.225,"lintErrors":[]},{"date":"Wed, 09 May 2018 02:44:10 GMT","sloc":249,"lloc":65,"functions":17,"deliveredBugs":0.763,"difficulty":27.556,"maintainability":78.327,"lintErrors":[]},{"date":"Thu, 02 Aug 2018 02:59:39 GMT","sloc":257,"lloc":69,"functions":19,"deliveredBugs":0.824,"difficulty":29.278,"maintainability":79.188,"lintErrors":[]},{"date":"Mon, 03 Dec 2018 03:19:34 GMT","sloc":260,"lloc":71,"functions":19,"deliveredBugs":0.843,"difficulty":28.9,"maintainability":79.203,"lintErrors":[]},{"date":"Tue, 12 Mar 2019 02:28:48 GMT","sloc":151,"lloc":49,"functions":10,"deliveredBugs":0.518,"difficulty":19.115,"maintainability":74.688,"lintErrors":[]},{"date":"Wed, 30 Oct 2019 02:18:48 GMT","sloc":151,"lloc":49,"functions":10,"deliveredBugs":0.518,"difficulty":19.115,"maintainability":74.688,"lintErrors":[]}]