[{"date":"Wed, 01 Nov 2017 21:39:46 GMT","sloc":240,"lloc":59,"functions":15,"deliveredBugs":0.658,"difficulty":25.429,"maintainability":78.225,"lintErrors":[]},{"date":"Thu, 21 Dec 2017 03:52:23 GMT","sloc":240,"lloc":59,"functions":15,"deliveredBugs":0.658,"difficulty":25.429,"maintainability":78.225,"lintErrors":[]},{"date":"Wed, 28 Feb 2018 23:45:00 GMT","sloc":240,"lloc":59,"functions":15,"deliveredBugs":0.658,"difficulty":25.429,"maintainability":78.225,"lintErrors":[]},{"date":"Tue, 03 Apr 2018 22:51:06 GMT","sloc":240,"lloc":59,"functions":15,"deliveredBugs":0.658,"difficulty":25.429,"maintainability":78.225,"lintErrors":[]}]