[{"date":"Sat, 29 Apr 2017 12:09:54 GMT","sloc":143,"lloc":25,"functions":2,"deliveredBugs":0.159,"difficulty":6.061,"maintainability":97.886,"lintErrors":[]},{"date":"Wed, 07 Jun 2017 01:50:11 GMT","sloc":134,"lloc":23,"functions":1,"deliveredBugs":0.155,"difficulty":6.609,"maintainability":93.613,"lintErrors":[]},{"date":"Wed, 01 Nov 2017 21:39:46 GMT","sloc":183,"lloc":33,"functions":5,"deliveredBugs":0.279,"difficulty":8.953,"maintainability":86.876,"lintErrors":[]},{"date":"Thu, 21 Dec 2017 03:52:23 GMT","sloc":183,"lloc":33,"functions":5,"deliveredBugs":0.279,"difficulty":8.953,"maintainability":86.876,"lintErrors":[]},{"date":"Wed, 28 Feb 2018 23:44:59 GMT","sloc":183,"lloc":33,"functions":5,"deliveredBugs":0.279,"difficulty":8.953,"maintainability":86.876,"lintErrors":[]},{"date":"Tue, 03 Apr 2018 22:51:06 GMT","sloc":183,"lloc":33,"functions":5,"deliveredBugs":0.279,"difficulty":8.953,"maintainability":86.876,"lintErrors":[]},{"date":"Wed, 09 May 2018 02:44:09 GMT","sloc":147,"lloc":26,"functions":2,"deliveredBugs":0.175,"difficulty":8.329,"maintainability":88.469,"lintErrors":[]},{"date":"Thu, 02 Aug 2018 02:59:38 GMT","sloc":147,"lloc":26,"functions":2,"deliveredBugs":0.175,"difficulty":8.329,"maintainability":88.469,"lintErrors":[]},{"date":"Mon, 03 Dec 2018 03:19:33 GMT","sloc":147,"lloc":26,"functions":2,"deliveredBugs":0.175,"difficulty":8.329,"maintainability":88.469,"lintErrors":[]},{"date":"Tue, 12 Mar 2019 02:28:47 GMT","sloc":147,"lloc":26,"functions":2,"deliveredBugs":0.175,"difficulty":8.329,"maintainability":88.469,"lintErrors":[]}]