[{"date":"Tue, 03 Apr 2018 22:51:05 GMT","sloc":42,"lloc":12,"functions":3,"deliveredBugs":0.099,"difficulty":10.556,"maintainability":79.385,"lintErrors":[]},{"date":"Wed, 09 May 2018 02:44:08 GMT","sloc":42,"lloc":12,"functions":3,"deliveredBugs":0.099,"difficulty":10.556,"maintainability":79.385,"lintErrors":[]},{"date":"Thu, 02 Aug 2018 02:59:37 GMT","sloc":42,"lloc":12,"functions":3,"deliveredBugs":0.099,"difficulty":10.556,"maintainability":79.385,"lintErrors":[]},{"date":"Mon, 03 Dec 2018 03:19:32 GMT","sloc":42,"lloc":12,"functions":3,"deliveredBugs":0.099,"difficulty":10.556,"maintainability":79.385,"lintErrors":[]},{"date":"Tue, 12 Mar 2019 02:28:45 GMT","sloc":42,"lloc":12,"functions":3,"deliveredBugs":0.099,"difficulty":10.556,"maintainability":79.385,"lintErrors":[]},{"date":"Wed, 30 Oct 2019 02:18:46 GMT","sloc":42,"lloc":12,"functions":3,"deliveredBugs":0.099,"difficulty":10.556,"maintainability":79.385,"lintErrors":[]}]