[{"date":"Wed, 09 May 2018 02:44:10 GMT","sloc":25,"lloc":9,"functions":2,"deliveredBugs":0.083,"difficulty":7.071,"maintainability":77.597,"lintErrors":[]},{"date":"Thu, 02 Aug 2018 02:59:38 GMT","sloc":25,"lloc":9,"functions":2,"deliveredBugs":0.083,"difficulty":7.071,"maintainability":77.597,"lintErrors":[]},{"date":"Mon, 03 Dec 2018 03:19:33 GMT","sloc":28,"lloc":11,"functions":2,"deliveredBugs":0.098,"difficulty":8.761,"maintainability":77.597,"lintErrors":[]},{"date":"Tue, 12 Mar 2019 02:28:48 GMT","sloc":28,"lloc":11,"functions":2,"deliveredBugs":0.098,"difficulty":8.761,"maintainability":77.597,"lintErrors":[]},{"date":"Wed, 30 Oct 2019 02:18:48 GMT","sloc":28,"lloc":11,"functions":2,"deliveredBugs":0.098,"difficulty":8.761,"maintainability":77.597,"lintErrors":[]}]