[{"date":"Sat, 03 Dec 2016 16:45:15 GMT","sloc":89,"lloc":28,"functions":6,"deliveredBugs":0.391,"difficulty":12.46,"maintainability":80.548,"lintErrors":[]},{"date":"Sun, 05 Feb 2017 17:36:57 GMT","sloc":88,"lloc":27,"functions":6,"deliveredBugs":0.384,"difficulty":12.097,"maintainability":81.406,"lintErrors":[]},{"date":"Thu, 02 Mar 2017 17:35:31 GMT","sloc":88,"lloc":27,"functions":6,"deliveredBugs":0.384,"difficulty":12.097,"maintainability":81.406,"lintErrors":[]},{"date":"Mon, 27 Mar 2017 03:48:26 GMT","sloc":88,"lloc":27,"functions":6,"deliveredBugs":0.384,"difficulty":12.097,"maintainability":81.406,"lintErrors":[]},{"date":"Sat, 29 Apr 2017 12:09:53 GMT","sloc":88,"lloc":27,"functions":6,"deliveredBugs":0.384,"difficulty":12.097,"maintainability":81.406,"lintErrors":[]},{"date":"Wed, 07 Jun 2017 01:50:10 GMT","sloc":87,"lloc":27,"functions":5,"deliveredBugs":0.396,"difficulty":12.143,"maintainability":79.232,"lintErrors":[]},{"date":"Wed, 01 Nov 2017 21:39:45 GMT","sloc":87,"lloc":27,"functions":5,"deliveredBugs":0.396,"difficulty":12.143,"maintainability":79.232,"lintErrors":[]},{"date":"Thu, 21 Dec 2017 03:52:22 GMT","sloc":87,"lloc":27,"functions":5,"deliveredBugs":0.396,"difficulty":12.143,"maintainability":79.232,"lintErrors":[]},{"date":"Wed, 28 Feb 2018 23:44:57 GMT","sloc":87,"lloc":27,"functions":5,"deliveredBugs":0.396,"difficulty":12.143,"maintainability":79.232,"lintErrors":[]}]