[{"date":"Sat, 03 Dec 2016 16:45:15 GMT","sloc":216,"lloc":120,"functions":25,"deliveredBugs":1.173,"difficulty":57.237,"maintainability":74.46,"lintErrors":[]},{"date":"Sun, 05 Feb 2017 17:36:57 GMT","sloc":216,"lloc":120,"functions":25,"deliveredBugs":1.173,"difficulty":57.237,"maintainability":74.46,"lintErrors":[]},{"date":"Thu, 02 Mar 2017 17:35:32 GMT","sloc":216,"lloc":120,"functions":25,"deliveredBugs":1.173,"difficulty":57.237,"maintainability":74.46,"lintErrors":[]},{"date":"Mon, 27 Mar 2017 03:48:26 GMT","sloc":216,"lloc":120,"functions":25,"deliveredBugs":1.173,"difficulty":57.237,"maintainability":74.46,"lintErrors":[]},{"date":"Sat, 29 Apr 2017 12:09:53 GMT","sloc":216,"lloc":120,"functions":25,"deliveredBugs":1.173,"difficulty":57.237,"maintainability":74.46,"lintErrors":[]},{"date":"Wed, 07 Jun 2017 01:50:10 GMT","sloc":218,"lloc":120,"functions":25,"deliveredBugs":1.173,"difficulty":57.237,"maintainability":74.46,"lintErrors":[]},{"date":"Wed, 01 Nov 2017 21:39:45 GMT","sloc":218,"lloc":120,"functions":25,"deliveredBugs":1.173,"difficulty":57.237,"maintainability":74.46,"lintErrors":[]},{"date":"Thu, 21 Dec 2017 03:52:22 GMT","sloc":218,"lloc":120,"functions":25,"deliveredBugs":1.173,"difficulty":57.237,"maintainability":74.46,"lintErrors":[]},{"date":"Wed, 28 Feb 2018 23:44:58 GMT","sloc":218,"lloc":120,"functions":25,"deliveredBugs":1.173,"difficulty":57.237,"maintainability":74.46,"lintErrors":[]},{"date":"Tue, 03 Apr 2018 22:51:05 GMT","sloc":216,"lloc":119,"functions":25,"deliveredBugs":1.161,"difficulty":55.733,"maintainability":74.46,"lintErrors":[]},{"date":"Wed, 09 May 2018 02:44:08 GMT","sloc":216,"lloc":119,"functions":25,"deliveredBugs":1.161,"difficulty":55.733,"maintainability":74.46,"lintErrors":[]},{"date":"Thu, 02 Aug 2018 02:59:37 GMT","sloc":251,"lloc":136,"functions":30,"deliveredBugs":1.401,"difficulty":58.188,"maintainability":76.156,"lintErrors":[]},{"date":"Mon, 03 Dec 2018 03:19:32 GMT","sloc":253,"lloc":137,"functions":30,"deliveredBugs":1.396,"difficulty":55.391,"maintainability":76.204,"lintErrors":[]}]