[{"date":"Mon, 27 Mar 2017 03:48:27 GMT","sloc":29,"lloc":4,"functions":0,"deliveredBugs":0.013,"difficulty":1.5,"maintainability":78.685,"lintErrors":[]},{"date":"Sat, 29 Apr 2017 12:09:54 GMT","sloc":27,"lloc":2,"functions":0,"deliveredBugs":0.006,"difficulty":0.5,"maintainability":89.028,"lintErrors":[]},{"date":"Wed, 07 Jun 2017 01:50:10 GMT","sloc":27,"lloc":2,"functions":0,"deliveredBugs":0.006,"difficulty":0.5,"maintainability":89.028,"lintErrors":[]},{"date":"Wed, 01 Nov 2017 21:39:45 GMT","sloc":27,"lloc":2,"functions":0,"deliveredBugs":0.006,"difficulty":0.5,"maintainability":89.028,"lintErrors":[]},{"date":"Thu, 21 Dec 2017 03:52:22 GMT","sloc":27,"lloc":2,"functions":0,"deliveredBugs":0.006,"difficulty":0.5,"maintainability":89.028,"lintErrors":[]},{"date":"Wed, 28 Feb 2018 23:44:59 GMT","sloc":27,"lloc":2,"functions":0,"deliveredBugs":0.006,"difficulty":0.5,"maintainability":89.028,"lintErrors":[]},{"date":"Tue, 03 Apr 2018 22:51:05 GMT","sloc":27,"lloc":2,"functions":0,"deliveredBugs":0.006,"difficulty":0.5,"maintainability":89.028,"lintErrors":[]}]