[{"date":"Wed, 07 Jun 2017 01:50:11 GMT","sloc":154,"lloc":48,"functions":11,"deliveredBugs":0.544,"difficulty":19.714,"maintainability":78.279,"lintErrors":[]},{"date":"Wed, 01 Nov 2017 21:39:46 GMT","sloc":163,"lloc":50,"functions":12,"deliveredBugs":0.564,"difficulty":19.88,"maintainability":78.98,"lintErrors":[]},{"date":"Thu, 21 Dec 2017 03:52:23 GMT","sloc":115,"lloc":33,"functions":7,"deliveredBugs":0.322,"difficulty":11.41,"maintainability":78.952,"lintErrors":[]},{"date":"Wed, 28 Feb 2018 23:45:00 GMT","sloc":115,"lloc":33,"functions":7,"deliveredBugs":0.322,"difficulty":11.41,"maintainability":78.952,"lintErrors":[]}]