[{"date":"Sat, 03 Dec 2016 16:45:14 GMT","sloc":359,"lloc":104,"functions":9,"deliveredBugs":0.996,"difficulty":24.283,"maintainability":73.77,"lintErrors":[]},{"date":"Sun, 05 Feb 2017 17:36:56 GMT","sloc":359,"lloc":104,"functions":9,"deliveredBugs":0.996,"difficulty":24.283,"maintainability":73.77,"lintErrors":[]},{"date":"Thu, 02 Mar 2017 17:35:31 GMT","sloc":377,"lloc":108,"functions":10,"deliveredBugs":1.048,"difficulty":24.725,"maintainability":74.507,"lintErrors":[]},{"date":"Mon, 27 Mar 2017 03:48:26 GMT","sloc":377,"lloc":108,"functions":10,"deliveredBugs":1.048,"difficulty":24.725,"maintainability":74.507,"lintErrors":[]},{"date":"Sat, 29 Apr 2017 12:09:53 GMT","sloc":412,"lloc":117,"functions":12,"deliveredBugs":1.171,"difficulty":25.73,"maintainability":74.74,"lintErrors":[]},{"date":"Wed, 07 Jun 2017 01:50:10 GMT","sloc":371,"lloc":94,"functions":9,"deliveredBugs":0.932,"difficulty":22.529,"maintainability":77.771,"lintErrors":[]},{"date":"Wed, 01 Nov 2017 21:39:44 GMT","sloc":371,"lloc":94,"functions":9,"deliveredBugs":0.948,"difficulty":23.362,"maintainability":77.771,"lintErrors":[]},{"date":"Thu, 21 Dec 2017 03:52:21 GMT","sloc":371,"lloc":94,"functions":9,"deliveredBugs":0.948,"difficulty":23.362,"maintainability":77.771,"lintErrors":[]}]