[{"date":"Wed, 07 Jun 2017 01:50:11 GMT","sloc":26,"lloc":6,"functions":2,"deliveredBugs":0.042,"difficulty":4.773,"maintainability":82.687,"lintErrors":[]},{"date":"Wed, 01 Nov 2017 21:39:46 GMT","sloc":26,"lloc":6,"functions":2,"deliveredBugs":0.042,"difficulty":4.773,"maintainability":82.687,"lintErrors":[]},{"date":"Thu, 21 Dec 2017 03:52:23 GMT","sloc":26,"lloc":6,"functions":2,"deliveredBugs":0.042,"difficulty":4.773,"maintainability":82.687,"lintErrors":[]},{"date":"Wed, 28 Feb 2018 23:44:59 GMT","sloc":26,"lloc":6,"functions":2,"deliveredBugs":0.042,"difficulty":4.773,"maintainability":82.687,"lintErrors":[]},{"date":"Tue, 03 Apr 2018 22:51:06 GMT","sloc":26,"lloc":6,"functions":2,"deliveredBugs":0.042,"difficulty":4.773,"maintainability":82.687,"lintErrors":[]},{"date":"Wed, 09 May 2018 02:44:09 GMT","sloc":26,"lloc":6,"functions":2,"deliveredBugs":0.042,"difficulty":4.773,"maintainability":82.687,"lintErrors":[]},{"date":"Thu, 02 Aug 2018 02:59:38 GMT","sloc":26,"lloc":6,"functions":2,"deliveredBugs":0.042,"difficulty":4.773,"maintainability":82.687,"lintErrors":[]}]