[{"date":"Wed, 07 Jun 2017 01:50:10 GMT","sloc":11,"lloc":2,"functions":0,"deliveredBugs":0.004,"difficulty":1,"maintainability":88.53,"lintErrors":[]},{"date":"Wed, 01 Nov 2017 21:39:44 GMT","sloc":11,"lloc":2,"functions":0,"deliveredBugs":0.004,"difficulty":1,"maintainability":88.53,"lintErrors":[]},{"date":"Thu, 21 Dec 2017 03:52:21 GMT","sloc":11,"lloc":2,"functions":0,"deliveredBugs":0.004,"difficulty":1,"maintainability":88.53,"lintErrors":[]},{"date":"Wed, 28 Feb 2018 23:44:57 GMT","sloc":11,"lloc":2,"functions":0,"deliveredBugs":0.004,"difficulty":1,"maintainability":88.53,"lintErrors":[]},{"date":"Tue, 03 Apr 2018 22:51:05 GMT","sloc":11,"lloc":2,"functions":0,"deliveredBugs":0.004,"difficulty":1,"maintainability":88.53,"lintErrors":[]},{"date":"Wed, 09 May 2018 02:44:08 GMT","sloc":64,"lloc":11,"functions":1,"deliveredBugs":0.078,"difficulty":4,"maintainability":100,"lintErrors":[]},{"date":"Thu, 02 Aug 2018 02:59:36 GMT","sloc":64,"lloc":11,"functions":1,"deliveredBugs":0.078,"difficulty":4,"maintainability":100,"lintErrors":[]},{"date":"Mon, 03 Dec 2018 03:19:32 GMT","sloc":64,"lloc":11,"functions":1,"deliveredBugs":0.078,"difficulty":4,"maintainability":100,"lintErrors":[]},{"date":"Tue, 12 Mar 2019 02:28:44 GMT","sloc":64,"lloc":11,"functions":1,"deliveredBugs":0.078,"difficulty":4,"maintainability":100,"lintErrors":[]},{"date":"Wed, 30 Oct 2019 02:18:45 GMT","sloc":64,"lloc":11,"functions":1,"deliveredBugs":0.078,"difficulty":4,"maintainability":100,"lintErrors":[]}]