[{"date":"Sat, 03 Dec 2016 16:45:15 GMT","sloc":75,"lloc":19,"functions":6,"deliveredBugs":0.249,"difficulty":10.711,"maintainability":82.141,"lintErrors":[]},{"date":"Sun, 05 Feb 2017 17:36:57 GMT","sloc":75,"lloc":19,"functions":6,"deliveredBugs":0.249,"difficulty":10.711,"maintainability":82.141,"lintErrors":[]},{"date":"Thu, 02 Mar 2017 17:35:31 GMT","sloc":75,"lloc":19,"functions":6,"deliveredBugs":0.249,"difficulty":10.711,"maintainability":82.141,"lintErrors":[]},{"date":"Mon, 27 Mar 2017 03:48:26 GMT","sloc":75,"lloc":19,"functions":6,"deliveredBugs":0.249,"difficulty":10.711,"maintainability":82.141,"lintErrors":[]},{"date":"Sat, 29 Apr 2017 12:09:53 GMT","sloc":78,"lloc":21,"functions":6,"deliveredBugs":0.261,"difficulty":12,"maintainability":80.314,"lintErrors":[]},{"date":"Wed, 07 Jun 2017 01:50:10 GMT","sloc":78,"lloc":21,"functions":6,"deliveredBugs":0.261,"difficulty":12,"maintainability":80.314,"lintErrors":[]},{"date":"Wed, 01 Nov 2017 21:39:45 GMT","sloc":78,"lloc":21,"functions":6,"deliveredBugs":0.261,"difficulty":12,"maintainability":80.314,"lintErrors":[]},{"date":"Thu, 21 Dec 2017 03:52:22 GMT","sloc":78,"lloc":21,"functions":6,"deliveredBugs":0.261,"difficulty":12,"maintainability":80.314,"lintErrors":[]},{"date":"Wed, 28 Feb 2018 23:44:57 GMT","sloc":78,"lloc":21,"functions":6,"deliveredBugs":0.261,"difficulty":12,"maintainability":80.314,"lintErrors":[]},{"date":"Tue, 03 Apr 2018 22:51:05 GMT","sloc":78,"lloc":21,"functions":6,"deliveredBugs":0.261,"difficulty":12,"maintainability":80.314,"lintErrors":[]},{"date":"Wed, 09 May 2018 02:44:08 GMT","sloc":78,"lloc":21,"functions":6,"deliveredBugs":0.261,"difficulty":12,"maintainability":80.314,"lintErrors":[]},{"date":"Thu, 02 Aug 2018 02:59:37 GMT","sloc":78,"lloc":21,"functions":6,"deliveredBugs":0.261,"difficulty":12,"maintainability":80.314,"lintErrors":[]},{"date":"Mon, 03 Dec 2018 03:19:32 GMT","sloc":81,"lloc":23,"functions":6,"deliveredBugs":0.27,"difficulty":13,"maintainability":79.548,"lintErrors":[]},{"date":"Tue, 12 Mar 2019 02:28:45 GMT","sloc":81,"lloc":23,"functions":6,"deliveredBugs":0.27,"difficulty":13,"maintainability":79.548,"lintErrors":[]},{"date":"Wed, 30 Oct 2019 02:18:46 GMT","sloc":81,"lloc":23,"functions":6,"deliveredBugs":0.27,"difficulty":13,"maintainability":79.548,"lintErrors":[]}]