[{"date":"Sat, 03 Dec 2016 16:45:15 GMT","sloc":86,"lloc":29,"functions":5,"deliveredBugs":0.202,"difficulty":14.52,"maintainability":73.634,"lintErrors":[]},{"date":"Sun, 05 Feb 2017 17:36:57 GMT","sloc":86,"lloc":29,"functions":5,"deliveredBugs":0.202,"difficulty":14.52,"maintainability":73.634,"lintErrors":[]},{"date":"Thu, 02 Mar 2017 17:35:32 GMT","sloc":86,"lloc":29,"functions":5,"deliveredBugs":0.202,"difficulty":14.52,"maintainability":73.634,"lintErrors":[]},{"date":"Mon, 27 Mar 2017 03:48:26 GMT","sloc":86,"lloc":29,"functions":5,"deliveredBugs":0.202,"difficulty":14.52,"maintainability":73.634,"lintErrors":[]},{"date":"Sat, 29 Apr 2017 12:09:53 GMT","sloc":86,"lloc":29,"functions":5,"deliveredBugs":0.202,"difficulty":14.52,"maintainability":73.634,"lintErrors":[]},{"date":"Wed, 07 Jun 2017 01:50:10 GMT","sloc":86,"lloc":29,"functions":5,"deliveredBugs":0.202,"difficulty":14.52,"maintainability":73.634,"lintErrors":[]},{"date":"Wed, 01 Nov 2017 21:39:45 GMT","sloc":86,"lloc":29,"functions":5,"deliveredBugs":0.202,"difficulty":14.52,"maintainability":73.634,"lintErrors":[]},{"date":"Thu, 21 Dec 2017 03:52:22 GMT","sloc":86,"lloc":29,"functions":5,"deliveredBugs":0.202,"difficulty":14.52,"maintainability":73.634,"lintErrors":[]},{"date":"Wed, 28 Feb 2018 23:44:58 GMT","sloc":86,"lloc":29,"functions":5,"deliveredBugs":0.202,"difficulty":14.52,"maintainability":73.634,"lintErrors":[]},{"date":"Tue, 03 Apr 2018 22:51:05 GMT","sloc":86,"lloc":29,"functions":5,"deliveredBugs":0.202,"difficulty":14.52,"maintainability":73.634,"lintErrors":[]},{"date":"Wed, 09 May 2018 02:44:08 GMT","sloc":86,"lloc":29,"functions":5,"deliveredBugs":0.202,"difficulty":14.52,"maintainability":73.634,"lintErrors":[]},{"date":"Thu, 02 Aug 2018 02:59:37 GMT","sloc":86,"lloc":29,"functions":5,"deliveredBugs":0.202,"difficulty":14.52,"maintainability":73.634,"lintErrors":[]},{"date":"Mon, 03 Dec 2018 03:19:32 GMT","sloc":90,"lloc":31,"functions":5,"deliveredBugs":0.205,"difficulty":14.96,"maintainability":72.665,"lintErrors":[]},{"date":"Tue, 12 Mar 2019 02:28:45 GMT","sloc":90,"lloc":31,"functions":5,"deliveredBugs":0.205,"difficulty":14.96,"maintainability":72.665,"lintErrors":[]},{"date":"Wed, 30 Oct 2019 02:18:46 GMT","sloc":90,"lloc":31,"functions":5,"deliveredBugs":0.205,"difficulty":14.96,"maintainability":72.665,"lintErrors":[]}]