[{"date":"Mon, 27 Mar 2017 03:48:27 GMT","sloc":44,"lloc":14,"functions":3,"deliveredBugs":0.073,"difficulty":6.75,"maintainability":81.212,"lintErrors":[]},{"date":"Sat, 29 Apr 2017 12:09:54 GMT","sloc":44,"lloc":14,"functions":3,"deliveredBugs":0.073,"difficulty":6.75,"maintainability":81.212,"lintErrors":[]},{"date":"Wed, 07 Jun 2017 01:50:10 GMT","sloc":44,"lloc":14,"functions":3,"deliveredBugs":0.073,"difficulty":6.75,"maintainability":81.212,"lintErrors":[]},{"date":"Wed, 01 Nov 2017 21:39:45 GMT","sloc":44,"lloc":14,"functions":3,"deliveredBugs":0.073,"difficulty":6.75,"maintainability":81.212,"lintErrors":[]}]