[{"date":"Sat, 29 Apr 2017 12:09:54 GMT","sloc":203,"lloc":51,"functions":11,"deliveredBugs":0.538,"difficulty":16.145,"maintainability":79.804,"lintErrors":[]},{"date":"Wed, 07 Jun 2017 01:50:11 GMT","sloc":196,"lloc":50,"functions":11,"deliveredBugs":0.52,"difficulty":16.731,"maintainability":79.804,"lintErrors":[]},{"date":"Wed, 01 Nov 2017 21:39:46 GMT","sloc":196,"lloc":50,"functions":11,"deliveredBugs":0.52,"difficulty":16.731,"maintainability":79.804,"lintErrors":[]},{"date":"Thu, 21 Dec 2017 03:52:23 GMT","sloc":196,"lloc":50,"functions":11,"deliveredBugs":0.52,"difficulty":16.731,"maintainability":79.804,"lintErrors":[]},{"date":"Wed, 28 Feb 2018 23:44:59 GMT","sloc":195,"lloc":50,"functions":11,"deliveredBugs":0.52,"difficulty":16.731,"maintainability":79.804,"lintErrors":[]},{"date":"Tue, 03 Apr 2018 22:51:06 GMT","sloc":195,"lloc":50,"functions":11,"deliveredBugs":0.52,"difficulty":16.731,"maintainability":79.804,"lintErrors":[]},{"date":"Wed, 09 May 2018 02:44:09 GMT","sloc":195,"lloc":50,"functions":11,"deliveredBugs":0.52,"difficulty":16.731,"maintainability":79.804,"lintErrors":[]},{"date":"Thu, 02 Aug 2018 02:59:38 GMT","sloc":195,"lloc":50,"functions":11,"deliveredBugs":0.52,"difficulty":16.731,"maintainability":79.804,"lintErrors":[]},{"date":"Mon, 03 Dec 2018 03:19:33 GMT","sloc":195,"lloc":50,"functions":11,"deliveredBugs":0.52,"difficulty":16.731,"maintainability":79.804,"lintErrors":[]},{"date":"Tue, 12 Mar 2019 02:28:47 GMT","sloc":195,"lloc":50,"functions":11,"deliveredBugs":0.52,"difficulty":16.731,"maintainability":79.804,"lintErrors":[]},{"date":"Wed, 30 Oct 2019 02:18:47 GMT","sloc":202,"lloc":54,"functions":13,"deliveredBugs":0.558,"difficulty":20.208,"maintainability":80.204,"lintErrors":[]}]