[{"date":"Sat, 29 Apr 2017 12:09:54 GMT","sloc":233,"lloc":72,"functions":20,"deliveredBugs":0.891,"difficulty":16.531,"maintainability":80.687,"lintErrors":[]},{"date":"Wed, 07 Jun 2017 01:50:11 GMT","sloc":220,"lloc":68,"functions":19,"deliveredBugs":0.851,"difficulty":15.564,"maintainability":80.514,"lintErrors":[]},{"date":"Wed, 01 Nov 2017 21:39:46 GMT","sloc":223,"lloc":69,"functions":19,"deliveredBugs":0.87,"difficulty":15.531,"maintainability":80.514,"lintErrors":[]},{"date":"Thu, 21 Dec 2017 03:52:23 GMT","sloc":223,"lloc":69,"functions":19,"deliveredBugs":0.87,"difficulty":15.531,"maintainability":80.514,"lintErrors":[]},{"date":"Wed, 28 Feb 2018 23:44:59 GMT","sloc":223,"lloc":69,"functions":19,"deliveredBugs":0.87,"difficulty":15.531,"maintainability":80.514,"lintErrors":[]},{"date":"Tue, 03 Apr 2018 22:51:06 GMT","sloc":223,"lloc":69,"functions":19,"deliveredBugs":0.87,"difficulty":15.531,"maintainability":80.514,"lintErrors":[]},{"date":"Wed, 09 May 2018 02:44:09 GMT","sloc":222,"lloc":68,"functions":19,"deliveredBugs":0.847,"difficulty":15.564,"maintainability":80.514,"lintErrors":[]},{"date":"Thu, 02 Aug 2018 02:59:38 GMT","sloc":218,"lloc":65,"functions":18,"deliveredBugs":0.797,"difficulty":14.13,"maintainability":80.671,"lintErrors":[]}]