[{"date":"Sat, 29 Apr 2017 12:09:54 GMT","sloc":233,"lloc":72,"functions":20,"deliveredBugs":0.891,"difficulty":16.531,"maintainability":80.687,"lintErrors":[]},{"date":"Wed, 07 Jun 2017 01:50:11 GMT","sloc":220,"lloc":68,"functions":19,"deliveredBugs":0.851,"difficulty":15.564,"maintainability":80.514,"lintErrors":[]},{"date":"Wed, 01 Nov 2017 21:39:46 GMT","sloc":223,"lloc":69,"functions":19,"deliveredBugs":0.87,"difficulty":15.531,"maintainability":80.514,"lintErrors":[]},{"date":"Thu, 21 Dec 2017 03:52:23 GMT","sloc":223,"lloc":69,"functions":19,"deliveredBugs":0.87,"difficulty":15.531,"maintainability":80.514,"lintErrors":[]}]