[{"date":"Mon, 27 Mar 2017 03:48:27 GMT","sloc":146,"lloc":35,"functions":10,"deliveredBugs":0.347,"difficulty":17.756,"maintainability":82,"lintErrors":[]},{"date":"Sat, 29 Apr 2017 12:09:54 GMT","sloc":176,"lloc":43,"functions":12,"deliveredBugs":0.45,"difficulty":19.385,"maintainability":80.764,"lintErrors":[]},{"date":"Wed, 07 Jun 2017 01:50:10 GMT","sloc":176,"lloc":43,"functions":12,"deliveredBugs":0.45,"difficulty":19.385,"maintainability":80.764,"lintErrors":[]},{"date":"Wed, 01 Nov 2017 21:39:45 GMT","sloc":176,"lloc":43,"functions":12,"deliveredBugs":0.45,"difficulty":19.385,"maintainability":80.764,"lintErrors":[]},{"date":"Thu, 21 Dec 2017 03:52:22 GMT","sloc":176,"lloc":43,"functions":12,"deliveredBugs":0.45,"difficulty":19.385,"maintainability":80.764,"lintErrors":[]},{"date":"Wed, 28 Feb 2018 23:44:59 GMT","sloc":180,"lloc":45,"functions":12,"deliveredBugs":0.462,"difficulty":19.321,"maintainability":80.007,"lintErrors":[]},{"date":"Tue, 03 Apr 2018 22:51:05 GMT","sloc":180,"lloc":45,"functions":12,"deliveredBugs":0.462,"difficulty":19.321,"maintainability":80.007,"lintErrors":[]},{"date":"Wed, 09 May 2018 02:44:09 GMT","sloc":180,"lloc":45,"functions":12,"deliveredBugs":0.462,"difficulty":19.321,"maintainability":80.007,"lintErrors":[]},{"date":"Thu, 02 Aug 2018 02:59:37 GMT","sloc":180,"lloc":45,"functions":12,"deliveredBugs":0.462,"difficulty":19.321,"maintainability":80.007,"lintErrors":[]},{"date":"Mon, 03 Dec 2018 03:19:33 GMT","sloc":180,"lloc":45,"functions":12,"deliveredBugs":0.462,"difficulty":19.321,"maintainability":80.007,"lintErrors":[]}]