[{"date":"Mon, 27 Mar 2017 03:48:27 GMT","sloc":146,"lloc":35,"functions":10,"deliveredBugs":0.347,"difficulty":17.756,"maintainability":82,"lintErrors":[]},{"date":"Sat, 29 Apr 2017 12:09:54 GMT","sloc":176,"lloc":43,"functions":12,"deliveredBugs":0.45,"difficulty":19.385,"maintainability":80.764,"lintErrors":[]},{"date":"Wed, 07 Jun 2017 01:50:10 GMT","sloc":176,"lloc":43,"functions":12,"deliveredBugs":0.45,"difficulty":19.385,"maintainability":80.764,"lintErrors":[]},{"date":"Wed, 01 Nov 2017 21:39:45 GMT","sloc":176,"lloc":43,"functions":12,"deliveredBugs":0.45,"difficulty":19.385,"maintainability":80.764,"lintErrors":[]},{"date":"Thu, 21 Dec 2017 03:52:22 GMT","sloc":176,"lloc":43,"functions":12,"deliveredBugs":0.45,"difficulty":19.385,"maintainability":80.764,"lintErrors":[]}]