[{"date":"Wed, 28 Feb 2018 23:44:59 GMT","sloc":155,"lloc":37,"functions":7,"deliveredBugs":0.403,"difficulty":16.755,"maintainability":79.19,"lintErrors":[]},{"date":"Tue, 03 Apr 2018 22:51:06 GMT","sloc":155,"lloc":37,"functions":7,"deliveredBugs":0.403,"difficulty":16.755,"maintainability":79.19,"lintErrors":[]},{"date":"Wed, 09 May 2018 02:44:10 GMT","sloc":155,"lloc":37,"functions":7,"deliveredBugs":0.403,"difficulty":16.755,"maintainability":79.19,"lintErrors":[]},{"date":"Thu, 02 Aug 2018 02:59:38 GMT","sloc":155,"lloc":37,"functions":7,"deliveredBugs":0.403,"difficulty":16.755,"maintainability":79.19,"lintErrors":[]}]