[{"date":"Sat, 03 Dec 2016 16:45:14 GMT","sloc":85,"lloc":23,"functions":2,"deliveredBugs":0.138,"difficulty":13.714,"maintainability":70.689,"lintErrors":[]},{"date":"Sun, 05 Feb 2017 17:36:57 GMT","sloc":85,"lloc":22,"functions":3,"deliveredBugs":0.131,"difficulty":12,"maintainability":78.758,"lintErrors":[]},{"date":"Thu, 02 Mar 2017 17:35:31 GMT","sloc":85,"lloc":22,"functions":3,"deliveredBugs":0.131,"difficulty":12,"maintainability":78.758,"lintErrors":[]},{"date":"Mon, 27 Mar 2017 03:48:26 GMT","sloc":103,"lloc":28,"functions":5,"deliveredBugs":0.176,"difficulty":11.982,"maintainability":82.018,"lintErrors":[]},{"date":"Sat, 29 Apr 2017 12:09:53 GMT","sloc":103,"lloc":28,"functions":5,"deliveredBugs":0.176,"difficulty":11.982,"maintainability":82.018,"lintErrors":[]},{"date":"Wed, 07 Jun 2017 01:50:10 GMT","sloc":103,"lloc":28,"functions":5,"deliveredBugs":0.176,"difficulty":11.982,"maintainability":82.018,"lintErrors":[]},{"date":"Wed, 01 Nov 2017 21:39:44 GMT","sloc":103,"lloc":28,"functions":5,"deliveredBugs":0.176,"difficulty":11.982,"maintainability":82.018,"lintErrors":[]},{"date":"Thu, 21 Dec 2017 03:52:21 GMT","sloc":103,"lloc":28,"functions":5,"deliveredBugs":0.176,"difficulty":11.982,"maintainability":82.018,"lintErrors":[]},{"date":"Wed, 28 Feb 2018 23:44:57 GMT","sloc":103,"lloc":28,"functions":5,"deliveredBugs":0.176,"difficulty":11.982,"maintainability":82.018,"lintErrors":[]},{"date":"Tue, 03 Apr 2018 22:51:05 GMT","sloc":103,"lloc":28,"functions":5,"deliveredBugs":0.176,"difficulty":11.982,"maintainability":82.018,"lintErrors":[]},{"date":"Wed, 09 May 2018 02:44:08 GMT","sloc":103,"lloc":28,"functions":5,"deliveredBugs":0.176,"difficulty":11.982,"maintainability":82.018,"lintErrors":[]},{"date":"Thu, 02 Aug 2018 02:59:36 GMT","sloc":103,"lloc":28,"functions":5,"deliveredBugs":0.176,"difficulty":11.982,"maintainability":82.018,"lintErrors":[]}]