[{"date":"Wed, 28 Feb 2018 23:44:57 GMT","sloc":12,"lloc":2,"functions":0,"deliveredBugs":0.007,"difficulty":1,"maintainability":87.21,"lintErrors":[]},{"date":"Tue, 03 Apr 2018 22:51:05 GMT","sloc":12,"lloc":2,"functions":0,"deliveredBugs":0.007,"difficulty":1,"maintainability":87.21,"lintErrors":[]},{"date":"Wed, 09 May 2018 02:44:08 GMT","sloc":16,"lloc":3,"functions":0,"deliveredBugs":0.01,"difficulty":2,"maintainability":81.411,"lintErrors":[]},{"date":"Thu, 02 Aug 2018 02:59:36 GMT","sloc":16,"lloc":3,"functions":0,"deliveredBugs":0.01,"difficulty":2,"maintainability":81.411,"lintErrors":[]},{"date":"Mon, 03 Dec 2018 03:19:32 GMT","sloc":16,"lloc":3,"functions":0,"deliveredBugs":0.01,"difficulty":2,"maintainability":81.411,"lintErrors":[]}]