[{"date":"Wed, 07 Jun 2017 01:50:10 GMT","sloc":38,"lloc":12,"functions":5,"deliveredBugs":0.08,"difficulty":8.267,"maintainability":86.501,"lintErrors":[]},{"date":"Wed, 01 Nov 2017 21:39:44 GMT","sloc":38,"lloc":12,"functions":5,"deliveredBugs":0.08,"difficulty":8.267,"maintainability":86.501,"lintErrors":[]},{"date":"Thu, 21 Dec 2017 03:52:21 GMT","sloc":38,"lloc":12,"functions":5,"deliveredBugs":0.08,"difficulty":8.267,"maintainability":86.501,"lintErrors":[]},{"date":"Wed, 28 Feb 2018 23:44:57 GMT","sloc":38,"lloc":12,"functions":5,"deliveredBugs":0.08,"difficulty":8.267,"maintainability":86.501,"lintErrors":[]}]