[{"date":"Sat, 29 Apr 2017 12:09:54 GMT","sloc":234,"lloc":73,"functions":15,"deliveredBugs":0.729,"difficulty":31.5,"maintainability":76.65,"lintErrors":[]},{"date":"Wed, 07 Jun 2017 01:50:11 GMT","sloc":245,"lloc":73,"functions":15,"deliveredBugs":0.729,"difficulty":31.5,"maintainability":76.65,"lintErrors":[]},{"date":"Wed, 01 Nov 2017 21:39:46 GMT","sloc":259,"lloc":75,"functions":15,"deliveredBugs":0.737,"difficulty":30.806,"maintainability":76.65,"lintErrors":[]},{"date":"Thu, 21 Dec 2017 03:52:23 GMT","sloc":259,"lloc":75,"functions":15,"deliveredBugs":0.737,"difficulty":30.806,"maintainability":76.65,"lintErrors":[]},{"date":"Wed, 28 Feb 2018 23:44:59 GMT","sloc":259,"lloc":75,"functions":15,"deliveredBugs":0.737,"difficulty":30.806,"maintainability":76.65,"lintErrors":[]},{"date":"Tue, 03 Apr 2018 22:51:06 GMT","sloc":259,"lloc":75,"functions":15,"deliveredBugs":0.737,"difficulty":30.806,"maintainability":76.65,"lintErrors":[]}]