[{"date":"Sat, 29 Apr 2017 12:09:54 GMT","sloc":234,"lloc":73,"functions":15,"deliveredBugs":0.729,"difficulty":31.5,"maintainability":76.65,"lintErrors":[]},{"date":"Wed, 07 Jun 2017 01:50:11 GMT","sloc":245,"lloc":73,"functions":15,"deliveredBugs":0.729,"difficulty":31.5,"maintainability":76.65,"lintErrors":[]},{"date":"Wed, 01 Nov 2017 21:39:46 GMT","sloc":259,"lloc":75,"functions":15,"deliveredBugs":0.737,"difficulty":30.806,"maintainability":76.65,"lintErrors":[]},{"date":"Thu, 21 Dec 2017 03:52:23 GMT","sloc":259,"lloc":75,"functions":15,"deliveredBugs":0.737,"difficulty":30.806,"maintainability":76.65,"lintErrors":[]},{"date":"Wed, 28 Feb 2018 23:44:59 GMT","sloc":259,"lloc":75,"functions":15,"deliveredBugs":0.737,"difficulty":30.806,"maintainability":76.65,"lintErrors":[]},{"date":"Tue, 03 Apr 2018 22:51:06 GMT","sloc":259,"lloc":75,"functions":15,"deliveredBugs":0.737,"difficulty":30.806,"maintainability":76.65,"lintErrors":[]},{"date":"Wed, 09 May 2018 02:44:09 GMT","sloc":277,"lloc":83,"functions":17,"deliveredBugs":0.816,"difficulty":31.818,"maintainability":77.288,"lintErrors":[]},{"date":"Thu, 02 Aug 2018 02:59:38 GMT","sloc":277,"lloc":83,"functions":17,"deliveredBugs":0.816,"difficulty":31.818,"maintainability":77.288,"lintErrors":[]},{"date":"Mon, 03 Dec 2018 03:19:33 GMT","sloc":281,"lloc":83,"functions":17,"deliveredBugs":0.786,"difficulty":21.309,"maintainability":77.584,"lintErrors":[]},{"date":"Tue, 12 Mar 2019 02:28:47 GMT","sloc":281,"lloc":83,"functions":17,"deliveredBugs":0.784,"difficulty":21.627,"maintainability":77.584,"lintErrors":[]},{"date":"Wed, 30 Oct 2019 02:18:47 GMT","sloc":281,"lloc":83,"functions":17,"deliveredBugs":0.784,"difficulty":21.627,"maintainability":77.584,"lintErrors":[]}]