[{"date":"Wed, 09 May 2018 02:44:10 GMT","sloc":20,"lloc":5,"functions":2,"deliveredBugs":0.027,"difficulty":3.25,"maintainability":94.501,"lintErrors":[]},{"date":"Thu, 02 Aug 2018 02:59:38 GMT","sloc":20,"lloc":5,"functions":2,"deliveredBugs":0.027,"difficulty":3.25,"maintainability":94.501,"lintErrors":[]},{"date":"Mon, 03 Dec 2018 03:19:33 GMT","sloc":20,"lloc":5,"functions":2,"deliveredBugs":0.027,"difficulty":3.25,"maintainability":94.501,"lintErrors":[]},{"date":"Tue, 12 Mar 2019 02:28:48 GMT","sloc":20,"lloc":5,"functions":2,"deliveredBugs":0.027,"difficulty":3.25,"maintainability":94.501,"lintErrors":[]}]