[{"date":"Thu, 02 Aug 2018 02:59:39 GMT","sloc":97,"lloc":2,"functions":0,"deliveredBugs":0.011,"difficulty":1.5,"maintainability":85.71,"lintErrors":[]},{"date":"Mon, 03 Dec 2018 03:19:34 GMT","sloc":97,"lloc":2,"functions":0,"deliveredBugs":0.011,"difficulty":1.5,"maintainability":85.71,"lintErrors":[]},{"date":"Tue, 12 Mar 2019 02:28:49 GMT","sloc":104,"lloc":4,"functions":1,"deliveredBugs":0.015,"difficulty":2,"maintainability":100,"lintErrors":[]},{"date":"Wed, 30 Oct 2019 02:18:48 GMT","sloc":104,"lloc":4,"functions":1,"deliveredBugs":0.015,"difficulty":2,"maintainability":100,"lintErrors":[]}]