[{"date":"Mon, 27 Mar 2017 03:48:26 GMT","sloc":49,"lloc":9,"functions":1,"deliveredBugs":0.057,"difficulty":4.594,"maintainability":76.029,"lintErrors":[]},{"date":"Sat, 29 Apr 2017 12:09:54 GMT","sloc":49,"lloc":9,"functions":1,"deliveredBugs":0.057,"difficulty":4.594,"maintainability":76.029,"lintErrors":[]},{"date":"Wed, 07 Jun 2017 01:50:10 GMT","sloc":49,"lloc":9,"functions":1,"deliveredBugs":0.057,"difficulty":4.594,"maintainability":76.029,"lintErrors":[]},{"date":"Wed, 01 Nov 2017 21:39:45 GMT","sloc":49,"lloc":9,"functions":1,"deliveredBugs":0.057,"difficulty":4.594,"maintainability":76.029,"lintErrors":[]}]