[{"date":"Thu, 21 Dec 2017 03:52:23 GMT","sloc":244,"lloc":65,"functions":16,"deliveredBugs":0.634,"difficulty":19.269,"maintainability":81.342,"lintErrors":[]},{"date":"Wed, 28 Feb 2018 23:45:00 GMT","sloc":244,"lloc":65,"functions":16,"deliveredBugs":0.634,"difficulty":19.269,"maintainability":81.342,"lintErrors":[]},{"date":"Tue, 03 Apr 2018 22:51:06 GMT","sloc":244,"lloc":65,"functions":16,"deliveredBugs":0.634,"difficulty":19.269,"maintainability":81.342,"lintErrors":[]},{"date":"Wed, 09 May 2018 02:44:10 GMT","sloc":244,"lloc":65,"functions":16,"deliveredBugs":0.634,"difficulty":19.269,"maintainability":81.342,"lintErrors":[]},{"date":"Thu, 02 Aug 2018 02:59:38 GMT","sloc":243,"lloc":65,"functions":16,"deliveredBugs":0.634,"difficulty":19.269,"maintainability":81.342,"lintErrors":[]},{"date":"Mon, 03 Dec 2018 03:19:33 GMT","sloc":244,"lloc":64,"functions":16,"deliveredBugs":0.624,"difficulty":19.529,"maintainability":81.693,"lintErrors":[]},{"date":"Tue, 12 Mar 2019 02:28:48 GMT","sloc":244,"lloc":64,"functions":16,"deliveredBugs":0.624,"difficulty":19.529,"maintainability":81.693,"lintErrors":[]},{"date":"Wed, 30 Oct 2019 02:18:48 GMT","sloc":247,"lloc":64,"functions":16,"deliveredBugs":0.624,"difficulty":19.529,"maintainability":81.693,"lintErrors":[]}]