[{"date":"Sat, 03 Dec 2016 16:45:14 GMT","sloc":40,"lloc":13,"functions":5,"deliveredBugs":0.114,"difficulty":8.571,"maintainability":92.756,"lintErrors":[]},{"date":"Sun, 05 Feb 2017 17:36:56 GMT","sloc":40,"lloc":13,"functions":5,"deliveredBugs":0.114,"difficulty":8.571,"maintainability":92.756,"lintErrors":[]},{"date":"Thu, 02 Mar 2017 17:35:31 GMT","sloc":40,"lloc":13,"functions":5,"deliveredBugs":0.114,"difficulty":8.571,"maintainability":92.756,"lintErrors":[]},{"date":"Mon, 27 Mar 2017 03:48:26 GMT","sloc":40,"lloc":13,"functions":5,"deliveredBugs":0.114,"difficulty":8.571,"maintainability":92.756,"lintErrors":[]},{"date":"Sat, 29 Apr 2017 12:09:53 GMT","sloc":47,"lloc":14,"functions":5,"deliveredBugs":0.125,"difficulty":8.217,"maintainability":92.756,"lintErrors":[]},{"date":"Wed, 07 Jun 2017 01:50:10 GMT","sloc":43,"lloc":9,"functions":3,"deliveredBugs":0.069,"difficulty":3.75,"maintainability":86.87,"lintErrors":[]},{"date":"Wed, 01 Nov 2017 21:39:44 GMT","sloc":43,"lloc":9,"functions":3,"deliveredBugs":0.069,"difficulty":3.75,"maintainability":86.87,"lintErrors":[]},{"date":"Thu, 21 Dec 2017 03:52:21 GMT","sloc":43,"lloc":9,"functions":3,"deliveredBugs":0.069,"difficulty":3.75,"maintainability":86.87,"lintErrors":[]},{"date":"Wed, 28 Feb 2018 23:44:57 GMT","sloc":43,"lloc":9,"functions":3,"deliveredBugs":0.069,"difficulty":3.75,"maintainability":86.87,"lintErrors":[]},{"date":"Tue, 03 Apr 2018 22:51:05 GMT","sloc":43,"lloc":9,"functions":3,"deliveredBugs":0.069,"difficulty":3.75,"maintainability":86.87,"lintErrors":[]},{"date":"Wed, 09 May 2018 02:44:08 GMT","sloc":46,"lloc":10,"functions":2,"deliveredBugs":0.074,"difficulty":4.727,"maintainability":94.156,"lintErrors":[]},{"date":"Thu, 02 Aug 2018 02:59:36 GMT","sloc":46,"lloc":10,"functions":2,"deliveredBugs":0.074,"difficulty":4.727,"maintainability":94.156,"lintErrors":[]}]