[{"date":"Sat, 03 Dec 2016 16:45:15 GMT","sloc":193,"lloc":66,"functions":10,"deliveredBugs":1.009,"difficulty":30.102,"maintainability":71.324,"lintErrors":[]},{"date":"Sun, 05 Feb 2017 17:36:57 GMT","sloc":177,"lloc":64,"functions":10,"deliveredBugs":0.977,"difficulty":30.556,"maintainability":71.548,"lintErrors":[]},{"date":"Thu, 02 Mar 2017 17:35:31 GMT","sloc":177,"lloc":64,"functions":10,"deliveredBugs":0.977,"difficulty":30.556,"maintainability":71.548,"lintErrors":[]},{"date":"Mon, 27 Mar 2017 03:48:26 GMT","sloc":177,"lloc":64,"functions":10,"deliveredBugs":0.977,"difficulty":30.556,"maintainability":71.548,"lintErrors":[]},{"date":"Sat, 29 Apr 2017 12:09:53 GMT","sloc":177,"lloc":64,"functions":10,"deliveredBugs":0.977,"difficulty":30.556,"maintainability":71.548,"lintErrors":[]},{"date":"Wed, 07 Jun 2017 01:50:10 GMT","sloc":172,"lloc":65,"functions":14,"deliveredBugs":0.834,"difficulty":28.807,"maintainability":77.038,"lintErrors":[]},{"date":"Wed, 01 Nov 2017 21:39:45 GMT","sloc":180,"lloc":68,"functions":15,"deliveredBugs":0.868,"difficulty":28.571,"maintainability":77.607,"lintErrors":[]},{"date":"Thu, 21 Dec 2017 03:52:22 GMT","sloc":180,"lloc":68,"functions":15,"deliveredBugs":0.868,"difficulty":28.571,"maintainability":77.607,"lintErrors":[]},{"date":"Wed, 28 Feb 2018 23:44:57 GMT","sloc":180,"lloc":68,"functions":15,"deliveredBugs":0.868,"difficulty":28.571,"maintainability":77.607,"lintErrors":[]}]