[{"date":"Tue, 03 Apr 2018 22:51:06 GMT","sloc":46,"lloc":8,"functions":2,"deliveredBugs":0.057,"difficulty":5.6,"maintainability":92.43,"lintErrors":[]},{"date":"Wed, 09 May 2018 02:44:10 GMT","sloc":46,"lloc":8,"functions":2,"deliveredBugs":0.057,"difficulty":5.6,"maintainability":92.43,"lintErrors":[]},{"date":"Thu, 02 Aug 2018 02:59:39 GMT","sloc":46,"lloc":8,"functions":2,"deliveredBugs":0.057,"difficulty":5.6,"maintainability":92.43,"lintErrors":[]},{"date":"Mon, 03 Dec 2018 03:19:34 GMT","sloc":46,"lloc":8,"functions":2,"deliveredBugs":0.057,"difficulty":5.6,"maintainability":92.43,"lintErrors":[]},{"date":"Tue, 12 Mar 2019 02:28:49 GMT","sloc":46,"lloc":8,"functions":2,"deliveredBugs":0.057,"difficulty":5.6,"maintainability":92.43,"lintErrors":[]},{"date":"Wed, 30 Oct 2019 02:18:48 GMT","sloc":46,"lloc":8,"functions":2,"deliveredBugs":0.057,"difficulty":5.6,"maintainability":92.43,"lintErrors":[]}]