[{"date":"Wed, 07 Jun 2017 01:50:11 GMT","sloc":68,"lloc":33,"functions":9,"deliveredBugs":0.336,"difficulty":13.174,"maintainability":78.955,"lintErrors":[]},{"date":"Wed, 01 Nov 2017 21:39:46 GMT","sloc":68,"lloc":33,"functions":9,"deliveredBugs":0.336,"difficulty":13.174,"maintainability":78.955,"lintErrors":[]},{"date":"Thu, 21 Dec 2017 03:52:23 GMT","sloc":68,"lloc":33,"functions":9,"deliveredBugs":0.336,"difficulty":13.174,"maintainability":78.955,"lintErrors":[]},{"date":"Wed, 28 Feb 2018 23:44:59 GMT","sloc":68,"lloc":33,"functions":9,"deliveredBugs":0.336,"difficulty":13.174,"maintainability":78.955,"lintErrors":[]}]