[{"date":"Wed, 07 Jun 2017 01:50:11 GMT","sloc":68,"lloc":33,"functions":9,"deliveredBugs":0.336,"difficulty":13.174,"maintainability":78.955,"lintErrors":[]},{"date":"Wed, 01 Nov 2017 21:39:46 GMT","sloc":68,"lloc":33,"functions":9,"deliveredBugs":0.336,"difficulty":13.174,"maintainability":78.955,"lintErrors":[]},{"date":"Thu, 21 Dec 2017 03:52:23 GMT","sloc":68,"lloc":33,"functions":9,"deliveredBugs":0.336,"difficulty":13.174,"maintainability":78.955,"lintErrors":[]},{"date":"Wed, 28 Feb 2018 23:44:59 GMT","sloc":68,"lloc":33,"functions":9,"deliveredBugs":0.336,"difficulty":13.174,"maintainability":78.955,"lintErrors":[]},{"date":"Tue, 03 Apr 2018 22:51:06 GMT","sloc":77,"lloc":38,"functions":10,"deliveredBugs":0.38,"difficulty":14.125,"maintainability":78.602,"lintErrors":[]},{"date":"Wed, 09 May 2018 02:44:09 GMT","sloc":79,"lloc":39,"functions":10,"deliveredBugs":0.382,"difficulty":13.959,"maintainability":78.602,"lintErrors":[]},{"date":"Thu, 02 Aug 2018 02:59:38 GMT","sloc":79,"lloc":39,"functions":10,"deliveredBugs":0.382,"difficulty":13.959,"maintainability":78.602,"lintErrors":[]},{"date":"Mon, 03 Dec 2018 03:19:33 GMT","sloc":79,"lloc":39,"functions":10,"deliveredBugs":0.382,"difficulty":13.959,"maintainability":78.602,"lintErrors":[]}]