[{"date":"Sat, 29 Apr 2017 12:09:54 GMT","sloc":177,"lloc":49,"functions":11,"deliveredBugs":0.492,"difficulty":14.375,"maintainability":78.468,"lintErrors":[]},{"date":"Wed, 07 Jun 2017 01:50:11 GMT","sloc":177,"lloc":49,"functions":11,"deliveredBugs":0.492,"difficulty":14.375,"maintainability":78.468,"lintErrors":[]},{"date":"Wed, 01 Nov 2017 21:39:45 GMT","sloc":177,"lloc":49,"functions":11,"deliveredBugs":0.492,"difficulty":14.375,"maintainability":78.468,"lintErrors":[]},{"date":"Thu, 21 Dec 2017 03:52:23 GMT","sloc":230,"lloc":63,"functions":17,"deliveredBugs":0.629,"difficulty":16.225,"maintainability":82.15,"lintErrors":[]},{"date":"Wed, 28 Feb 2018 23:44:59 GMT","sloc":230,"lloc":63,"functions":17,"deliveredBugs":0.629,"difficulty":16.225,"maintainability":82.15,"lintErrors":[]},{"date":"Tue, 03 Apr 2018 22:51:06 GMT","sloc":230,"lloc":63,"functions":17,"deliveredBugs":0.629,"difficulty":16.225,"maintainability":82.15,"lintErrors":[]}]