[{"date":"Wed, 28 Feb 2018 23:45:00 GMT","sloc":38,"lloc":11,"functions":2,"deliveredBugs":0.072,"difficulty":9.286,"maintainability":75.974,"lintErrors":[]},{"date":"Tue, 03 Apr 2018 22:51:06 GMT","sloc":38,"lloc":11,"functions":2,"deliveredBugs":0.072,"difficulty":9.286,"maintainability":75.974,"lintErrors":[]},{"date":"Wed, 09 May 2018 02:44:10 GMT","sloc":38,"lloc":11,"functions":2,"deliveredBugs":0.072,"difficulty":9.286,"maintainability":75.974,"lintErrors":[]},{"date":"Thu, 02 Aug 2018 02:59:39 GMT","sloc":38,"lloc":11,"functions":2,"deliveredBugs":0.072,"difficulty":9.286,"maintainability":75.974,"lintErrors":[]},{"date":"Mon, 03 Dec 2018 03:19:34 GMT","sloc":57,"lloc":22,"functions":4,"deliveredBugs":0.143,"difficulty":13.8,"maintainability":74.906,"lintErrors":[]},{"date":"Tue, 12 Mar 2019 02:28:49 GMT","sloc":57,"lloc":22,"functions":4,"deliveredBugs":0.143,"difficulty":13.8,"maintainability":74.906,"lintErrors":[]},{"date":"Wed, 30 Oct 2019 02:18:48 GMT","sloc":53,"lloc":19,"functions":4,"deliveredBugs":0.128,"difficulty":12.447,"maintainability":77.407,"lintErrors":[]}]