[{"date":"Wed, 28 Feb 2018 23:45:00 GMT","sloc":38,"lloc":11,"functions":2,"deliveredBugs":0.072,"difficulty":9.286,"maintainability":75.974,"lintErrors":[]},{"date":"Tue, 03 Apr 2018 22:51:06 GMT","sloc":38,"lloc":11,"functions":2,"deliveredBugs":0.072,"difficulty":9.286,"maintainability":75.974,"lintErrors":[]},{"date":"Wed, 09 May 2018 02:44:10 GMT","sloc":38,"lloc":11,"functions":2,"deliveredBugs":0.072,"difficulty":9.286,"maintainability":75.974,"lintErrors":[]},{"date":"Thu, 02 Aug 2018 02:59:39 GMT","sloc":38,"lloc":11,"functions":2,"deliveredBugs":0.072,"difficulty":9.286,"maintainability":75.974,"lintErrors":[]}]