[{"date":"Wed, 09 May 2018 02:44:10 GMT","sloc":24,"lloc":9,"functions":3,"deliveredBugs":0.056,"difficulty":5.367,"maintainability":84.916,"lintErrors":[]},{"date":"Thu, 02 Aug 2018 02:59:38 GMT","sloc":24,"lloc":9,"functions":3,"deliveredBugs":0.056,"difficulty":5.367,"maintainability":84.916,"lintErrors":[]},{"date":"Mon, 03 Dec 2018 03:19:33 GMT","sloc":24,"lloc":9,"functions":3,"deliveredBugs":0.056,"difficulty":5.367,"maintainability":84.916,"lintErrors":[]},{"date":"Tue, 12 Mar 2019 02:28:48 GMT","sloc":24,"lloc":9,"functions":3,"deliveredBugs":0.056,"difficulty":5.367,"maintainability":84.916,"lintErrors":[]},{"date":"Wed, 30 Oct 2019 02:18:48 GMT","sloc":24,"lloc":9,"functions":3,"deliveredBugs":0.056,"difficulty":5.367,"maintainability":84.916,"lintErrors":[]}]