[{"date":"Tue, 03 Apr 2018 22:51:05 GMT","sloc":134,"lloc":65,"functions":15,"deliveredBugs":0.679,"difficulty":28.373,"maintainability":77.417,"lintErrors":[]},{"date":"Wed, 09 May 2018 02:44:08 GMT","sloc":134,"lloc":65,"functions":15,"deliveredBugs":0.679,"difficulty":28.373,"maintainability":77.417,"lintErrors":[]},{"date":"Thu, 02 Aug 2018 02:59:37 GMT","sloc":134,"lloc":65,"functions":15,"deliveredBugs":0.679,"difficulty":28.373,"maintainability":77.417,"lintErrors":[]},{"date":"Mon, 03 Dec 2018 03:19:32 GMT","sloc":136,"lloc":66,"functions":15,"deliveredBugs":0.669,"difficulty":23.644,"maintainability":77.513,"lintErrors":[]},{"date":"Tue, 12 Mar 2019 02:28:45 GMT","sloc":136,"lloc":66,"functions":15,"deliveredBugs":0.662,"difficulty":23.793,"maintainability":77.517,"lintErrors":[]},{"date":"Wed, 30 Oct 2019 02:18:46 GMT","sloc":136,"lloc":66,"functions":15,"deliveredBugs":0.662,"difficulty":23.793,"maintainability":77.517,"lintErrors":[]}]