[{"date":"Wed, 01 Nov 2017 21:39:46 GMT","sloc":70,"lloc":21,"functions":5,"deliveredBugs":0.169,"difficulty":9.483,"maintainability":82.135,"lintErrors":[]},{"date":"Thu, 21 Dec 2017 03:52:23 GMT","sloc":70,"lloc":21,"functions":5,"deliveredBugs":0.169,"difficulty":9.483,"maintainability":82.135,"lintErrors":[]},{"date":"Wed, 28 Feb 2018 23:45:00 GMT","sloc":70,"lloc":21,"functions":5,"deliveredBugs":0.169,"difficulty":9.483,"maintainability":82.135,"lintErrors":[]},{"date":"Tue, 03 Apr 2018 22:51:06 GMT","sloc":70,"lloc":21,"functions":5,"deliveredBugs":0.169,"difficulty":9.483,"maintainability":82.135,"lintErrors":[]},{"date":"Wed, 09 May 2018 02:44:10 GMT","sloc":43,"lloc":9,"functions":2,"deliveredBugs":0.067,"difficulty":6.571,"maintainability":78.061,"lintErrors":[]},{"date":"Thu, 02 Aug 2018 02:59:38 GMT","sloc":51,"lloc":14,"functions":3,"deliveredBugs":0.111,"difficulty":7.789,"maintainability":76.656,"lintErrors":[]}]