[{"date":"Sat, 03 Dec 2016 16:45:14 GMT","sloc":77,"lloc":17,"functions":3,"deliveredBugs":0.144,"difficulty":16.5,"maintainability":74.057,"lintErrors":[]},{"date":"Sun, 05 Feb 2017 17:36:56 GMT","sloc":77,"lloc":17,"functions":3,"deliveredBugs":0.144,"difficulty":16.5,"maintainability":74.057,"lintErrors":[]},{"date":"Thu, 02 Mar 2017 17:35:31 GMT","sloc":95,"lloc":26,"functions":4,"deliveredBugs":0.227,"difficulty":20.75,"maintainability":74.959,"lintErrors":[]},{"date":"Mon, 27 Mar 2017 03:48:26 GMT","sloc":95,"lloc":26,"functions":4,"deliveredBugs":0.227,"difficulty":20.75,"maintainability":74.959,"lintErrors":[]},{"date":"Sat, 29 Apr 2017 12:09:53 GMT","sloc":97,"lloc":28,"functions":5,"deliveredBugs":0.245,"difficulty":23.692,"maintainability":76.307,"lintErrors":[]},{"date":"Wed, 07 Jun 2017 01:50:10 GMT","sloc":95,"lloc":28,"functions":5,"deliveredBugs":0.245,"difficulty":23.692,"maintainability":76.307,"lintErrors":[]},{"date":"Wed, 01 Nov 2017 21:39:44 GMT","sloc":117,"lloc":36,"functions":6,"deliveredBugs":0.335,"difficulty":33.143,"maintainability":74.048,"lintErrors":[]},{"date":"Thu, 21 Dec 2017 03:52:21 GMT","sloc":117,"lloc":36,"functions":6,"deliveredBugs":0.335,"difficulty":33.143,"maintainability":74.048,"lintErrors":[]},{"date":"Wed, 28 Feb 2018 23:44:57 GMT","sloc":117,"lloc":36,"functions":6,"deliveredBugs":0.335,"difficulty":33.143,"maintainability":74.048,"lintErrors":[]},{"date":"Tue, 03 Apr 2018 22:51:05 GMT","sloc":117,"lloc":36,"functions":6,"deliveredBugs":0.335,"difficulty":33.143,"maintainability":74.048,"lintErrors":[]}]