[{"date":"Wed, 28 Feb 2018 23:45:00 GMT","sloc":148,"lloc":43,"functions":9,"deliveredBugs":0.472,"difficulty":23.198,"maintainability":79.837,"lintErrors":[]},{"date":"Tue, 03 Apr 2018 22:51:06 GMT","sloc":148,"lloc":43,"functions":9,"deliveredBugs":0.472,"difficulty":23.198,"maintainability":79.837,"lintErrors":[]},{"date":"Wed, 09 May 2018 02:44:10 GMT","sloc":148,"lloc":43,"functions":9,"deliveredBugs":0.472,"difficulty":23.198,"maintainability":79.837,"lintErrors":[]},{"date":"Thu, 02 Aug 2018 02:59:39 GMT","sloc":148,"lloc":43,"functions":9,"deliveredBugs":0.472,"difficulty":23.198,"maintainability":79.837,"lintErrors":[]},{"date":"Mon, 03 Dec 2018 03:19:34 GMT","sloc":169,"lloc":55,"functions":11,"deliveredBugs":0.616,"difficulty":25.475,"maintainability":79.084,"lintErrors":[]},{"date":"Tue, 12 Mar 2019 02:28:49 GMT","sloc":178,"lloc":55,"functions":11,"deliveredBugs":0.616,"difficulty":25.475,"maintainability":79.084,"lintErrors":[]}]