[{"date":"Wed, 28 Feb 2018 23:44:57 GMT","sloc":37,"lloc":6,"functions":2,"deliveredBugs":0.041,"difficulty":2.857,"maintainability":88.204,"lintErrors":[]},{"date":"Tue, 03 Apr 2018 22:51:05 GMT","sloc":37,"lloc":6,"functions":2,"deliveredBugs":0.041,"difficulty":2.857,"maintainability":88.204,"lintErrors":[]},{"date":"Wed, 09 May 2018 02:44:08 GMT","sloc":40,"lloc":7,"functions":2,"deliveredBugs":0.068,"difficulty":3.789,"maintainability":83.348,"lintErrors":[]},{"date":"Thu, 02 Aug 2018 02:59:36 GMT","sloc":40,"lloc":7,"functions":2,"deliveredBugs":0.068,"difficulty":3.789,"maintainability":83.348,"lintErrors":[]},{"date":"Mon, 03 Dec 2018 03:19:32 GMT","sloc":40,"lloc":7,"functions":2,"deliveredBugs":0.068,"difficulty":3.789,"maintainability":83.348,"lintErrors":[]},{"date":"Tue, 12 Mar 2019 02:28:44 GMT","sloc":40,"lloc":7,"functions":2,"deliveredBugs":0.068,"difficulty":3.789,"maintainability":83.348,"lintErrors":[]},{"date":"Wed, 30 Oct 2019 02:18:45 GMT","sloc":40,"lloc":7,"functions":2,"deliveredBugs":0.068,"difficulty":3.789,"maintainability":83.348,"lintErrors":[]}]