[{"date":"Sat, 03 Dec 2016 16:45:15 GMT","sloc":46,"lloc":10,"functions":3,"deliveredBugs":0.067,"difficulty":4.263,"maintainability":84.445,"lintErrors":[]},{"date":"Sun, 05 Feb 2017 17:36:57 GMT","sloc":46,"lloc":10,"functions":3,"deliveredBugs":0.067,"difficulty":4.263,"maintainability":84.445,"lintErrors":[]},{"date":"Thu, 02 Mar 2017 17:35:32 GMT","sloc":19,"lloc":2,"functions":0,"deliveredBugs":0.007,"difficulty":1,"maintainability":87.21,"lintErrors":[]},{"date":"Mon, 27 Mar 2017 03:48:26 GMT","sloc":19,"lloc":2,"functions":0,"deliveredBugs":0.007,"difficulty":1,"maintainability":87.21,"lintErrors":[]},{"date":"Sat, 29 Apr 2017 12:09:53 GMT","sloc":19,"lloc":2,"functions":0,"deliveredBugs":0.007,"difficulty":1,"maintainability":87.21,"lintErrors":[]},{"date":"Wed, 07 Jun 2017 01:50:10 GMT","sloc":19,"lloc":2,"functions":0,"deliveredBugs":0.007,"difficulty":1,"maintainability":87.21,"lintErrors":[]},{"date":"Wed, 01 Nov 2017 21:39:45 GMT","sloc":20,"lloc":2,"functions":0,"deliveredBugs":0.007,"difficulty":1,"maintainability":87.21,"lintErrors":[]}]