[{"date":"Thu, 21 Dec 2017 03:52:24 GMT","sloc":11,"lloc":2,"functions":0,"deliveredBugs":0.008,"difficulty":1.5,"maintainability":86.266,"lintErrors":[]},{"date":"Wed, 28 Feb 2018 23:45:00 GMT","sloc":11,"lloc":2,"functions":0,"deliveredBugs":0.008,"difficulty":1.5,"maintainability":86.266,"lintErrors":[]},{"date":"Tue, 03 Apr 2018 22:51:06 GMT","sloc":11,"lloc":2,"functions":0,"deliveredBugs":0.008,"difficulty":1.5,"maintainability":86.266,"lintErrors":[]},{"date":"Wed, 09 May 2018 02:44:10 GMT","sloc":11,"lloc":2,"functions":0,"deliveredBugs":0.008,"difficulty":1.5,"maintainability":86.266,"lintErrors":[]}]