[{"date":"Tue, 03 Apr 2018 22:51:06 GMT","sloc":169,"lloc":45,"functions":11,"deliveredBugs":0.426,"difficulty":23.132,"maintainability":79.53,"lintErrors":[]},{"date":"Wed, 09 May 2018 02:44:10 GMT","sloc":169,"lloc":45,"functions":11,"deliveredBugs":0.426,"difficulty":23.132,"maintainability":79.53,"lintErrors":[]},{"date":"Thu, 02 Aug 2018 02:59:39 GMT","sloc":169,"lloc":45,"functions":11,"deliveredBugs":0.426,"difficulty":23.132,"maintainability":79.53,"lintErrors":[]},{"date":"Mon, 03 Dec 2018 03:19:34 GMT","sloc":169,"lloc":45,"functions":11,"deliveredBugs":0.422,"difficulty":23.636,"maintainability":79.53,"lintErrors":[]}]