[{"date":"Wed, 28 Feb 2018 23:45:00 GMT","sloc":54,"lloc":20,"functions":3,"deliveredBugs":0.183,"difficulty":12.4,"maintainability":75.649,"lintErrors":[]},{"date":"Tue, 03 Apr 2018 22:51:06 GMT","sloc":54,"lloc":20,"functions":3,"deliveredBugs":0.183,"difficulty":12.4,"maintainability":75.649,"lintErrors":[]},{"date":"Wed, 09 May 2018 02:44:10 GMT","sloc":54,"lloc":20,"functions":3,"deliveredBugs":0.183,"difficulty":12.4,"maintainability":75.649,"lintErrors":[]},{"date":"Thu, 02 Aug 2018 02:59:39 GMT","sloc":54,"lloc":20,"functions":3,"deliveredBugs":0.183,"difficulty":12.4,"maintainability":75.649,"lintErrors":[]}]