[{"date":"Sat, 03 Dec 2016 16:45:14 GMT","sloc":30,"lloc":7,"functions":1,"deliveredBugs":0.056,"difficulty":4.083,"maintainability":94.156,"lintErrors":[]},{"date":"Sun, 05 Feb 2017 17:36:56 GMT","sloc":30,"lloc":7,"functions":1,"deliveredBugs":0.056,"difficulty":4.083,"maintainability":94.156,"lintErrors":[]},{"date":"Thu, 02 Mar 2017 17:35:31 GMT","sloc":30,"lloc":7,"functions":1,"deliveredBugs":0.056,"difficulty":4.083,"maintainability":94.156,"lintErrors":[]},{"date":"Mon, 27 Mar 2017 03:48:26 GMT","sloc":30,"lloc":7,"functions":1,"deliveredBugs":0.056,"difficulty":4.083,"maintainability":94.156,"lintErrors":[]},{"date":"Sat, 29 Apr 2017 12:09:53 GMT","sloc":30,"lloc":7,"functions":1,"deliveredBugs":0.056,"difficulty":4.083,"maintainability":94.156,"lintErrors":[]},{"date":"Wed, 07 Jun 2017 01:50:10 GMT","sloc":28,"lloc":6,"functions":2,"deliveredBugs":0.034,"difficulty":2.308,"maintainability":87.053,"lintErrors":[]},{"date":"Wed, 01 Nov 2017 21:39:44 GMT","sloc":30,"lloc":7,"functions":2,"deliveredBugs":0.043,"difficulty":2.25,"maintainability":83.511,"lintErrors":[]}]