[{"date":"Sun, 05 Feb 2017 17:36:57 GMT","sloc":46,"lloc":15,"functions":3,"deliveredBugs":0.112,"difficulty":11.7,"maintainability":75.663,"lintErrors":[]},{"date":"Thu, 02 Mar 2017 17:35:32 GMT","sloc":225,"lloc":56,"functions":11,"deliveredBugs":0.662,"difficulty":17.27,"maintainability":75.811,"lintErrors":[]},{"date":"Mon, 27 Mar 2017 03:48:27 GMT","sloc":225,"lloc":56,"functions":11,"deliveredBugs":0.662,"difficulty":17.27,"maintainability":75.811,"lintErrors":[]},{"date":"Sat, 29 Apr 2017 12:09:54 GMT","sloc":225,"lloc":56,"functions":11,"deliveredBugs":0.662,"difficulty":17.27,"maintainability":75.811,"lintErrors":[]},{"date":"Wed, 07 Jun 2017 01:50:10 GMT","sloc":232,"lloc":55,"functions":12,"deliveredBugs":0.658,"difficulty":15.418,"maintainability":77.743,"lintErrors":[]},{"date":"Wed, 01 Nov 2017 21:39:45 GMT","sloc":230,"lloc":52,"functions":12,"deliveredBugs":0.63,"difficulty":14.368,"maintainability":78.686,"lintErrors":[]},{"date":"Thu, 21 Dec 2017 03:52:22 GMT","sloc":230,"lloc":52,"functions":12,"deliveredBugs":0.63,"difficulty":14.368,"maintainability":78.686,"lintErrors":[]},{"date":"Wed, 28 Feb 2018 23:44:58 GMT","sloc":230,"lloc":52,"functions":12,"deliveredBugs":0.63,"difficulty":14.368,"maintainability":78.686,"lintErrors":[]},{"date":"Tue, 03 Apr 2018 22:51:05 GMT","sloc":230,"lloc":52,"functions":12,"deliveredBugs":0.63,"difficulty":14.368,"maintainability":78.686,"lintErrors":[]},{"date":"Wed, 09 May 2018 02:44:09 GMT","sloc":230,"lloc":52,"functions":12,"deliveredBugs":0.63,"difficulty":14.368,"maintainability":78.686,"lintErrors":[]}]