[{"date":"Sat, 03 Dec 2016 16:45:15 GMT","sloc":25,"lloc":9,"functions":2,"deliveredBugs":0.05,"difficulty":5.1,"maintainability":88.099,"lintErrors":[]},{"date":"Sun, 05 Feb 2017 17:36:57 GMT","sloc":25,"lloc":9,"functions":2,"deliveredBugs":0.05,"difficulty":5.1,"maintainability":88.099,"lintErrors":[]},{"date":"Thu, 02 Mar 2017 17:35:31 GMT","sloc":25,"lloc":9,"functions":2,"deliveredBugs":0.05,"difficulty":5.1,"maintainability":88.099,"lintErrors":[]},{"date":"Mon, 27 Mar 2017 03:48:26 GMT","sloc":25,"lloc":9,"functions":2,"deliveredBugs":0.05,"difficulty":5.1,"maintainability":88.099,"lintErrors":[]},{"date":"Sat, 29 Apr 2017 12:09:53 GMT","sloc":25,"lloc":9,"functions":2,"deliveredBugs":0.05,"difficulty":5.1,"maintainability":88.099,"lintErrors":[]},{"date":"Wed, 07 Jun 2017 01:50:10 GMT","sloc":25,"lloc":9,"functions":2,"deliveredBugs":0.05,"difficulty":5.1,"maintainability":88.099,"lintErrors":[]},{"date":"Wed, 01 Nov 2017 21:39:45 GMT","sloc":25,"lloc":9,"functions":2,"deliveredBugs":0.05,"difficulty":5.1,"maintainability":88.099,"lintErrors":[]},{"date":"Thu, 21 Dec 2017 03:52:22 GMT","sloc":25,"lloc":9,"functions":2,"deliveredBugs":0.05,"difficulty":5.1,"maintainability":88.099,"lintErrors":[]}]